USE crm;

-- Test data INSERTs generated by ChatGPT
-- Compatible with MySQL


-- Accounts (users)
INSERT IGNORE INTO Account (Username, PasswordHash, AccountStatus, RoleID) VALUES
('admin', 'a665a45920422f9d417e4867efdc4fb8a04a1f3fff1fa07e998e86f7f7a27ae3', 'Active', 1),
('wmgr1', 'a665a45920422f9d417e4867efdc4fb8a04a1f3fff1fa07e998e86f7f7a27ae3', 'Active', 4),
('wmgr2', 'a665a45920422f9d417e4867efdc4fb8a04a1f3fff1fa07e998e86f7f7a27ae3', 'Active', 4),
('wmgr3', 'a665a45920422f9d417e4867efdc4fb8a04a1f3fff1fa07e998e86f7f7a27ae3', 'Active', 4),
('wmgr4', 'a665a45920422f9d417e4867efdc4fb8a04a1f3fff1fa07e998e86f7f7a27ae3', 'Active', 4),
('wmgr5', 'a665a45920422f9d417e4867efdc4fb8a04a1f3fff1fa07e998e86f7f7a27ae3', 'Active', 4),
('wmgr6', 'a665a45920422f9d417e4867efdc4fb8a04a1f3fff1fa07e998e86f7f7a27ae3', 'Active', 4),
('techLead', 'a665a45920422f9d417e4867efdc4fb8a04a1f3fff1fa07e998e86f7f7a27ae3', 'Active', 5),
('staff1', 'a665a45920422f9d417e4867efdc4fb8a04a1f3fff1fa07e998e86f7f7a27ae3', 'Active', 6),
('staff2', 'a665a45920422f9d417e4867efdc4fb8a04a1f3fff1fa07e998e86f7f7a27ae3', 'Active', 6),
('staff3', 'a665a45920422f9d417e4867efdc4fb8a04a1f3fff1fa07e998e86f7f7a27ae3', 'Active', 6),
('staff4', 'a665a45920422f9d417e4867efdc4fb8a04a1f3fff1fa07e998e86f7f7a27ae3', 'Active', 6),
('staff5', 'a665a45920422f9d417e4867efdc4fb8a04a1f3fff1fa07e998e86f7f7a27ae3', 'Active', 6),
('staff6', 'a665a45920422f9d417e4867efdc4fb8a04a1f3fff1fa07e998e86f7f7a27ae3', 'Active', 6),
('staff7', 'a665a45920422f9d417e4867efdc4fb8a04a1f3fff1fa07e998e86f7f7a27ae3', 'Active', 6),
('staff8', 'a665a45920422f9d417e4867efdc4fb8a04a1f3fff1fa07e998e86f7f7a27ae3', 'Active', 6),
('staff9', 'a665a45920422f9d417e4867efdc4fb8a04a1f3fff1fa07e998e86f7f7a27ae3', 'Active', 6),
('staff10', 'a665a45920422f9d417e4867efdc4fb8a04a1f3fff1fa07e998e86f7f7a27ae3', 'Active', 6),
('cust1', 'a665a45920422f9d417e4867efdc4fb8a04a1f3fff1fa07e998e86f7f7a27ae3', 'Active', 2),
('cust2', 'a665a45920422f9d417e4867efdc4fb8a04a1f3fff1fa07e998e86f7f7a27ae3', 'Active', 2),
('cust3', 'a665a45920422f9d417e4867efdc4fb8a04a1f3fff1fa07e998e86f7f7a27ae3', 'Active', 2),
('cust4', 'a665a45920422f9d417e4867efdc4fb8a04a1f3fff1fa07e998e86f7f7a27ae3', 'Active', 2),
('cust5', 'a665a45920422f9d417e4867efdc4fb8a04a1f3fff1fa07e998e86f7f7a27ae3', 'Active', 2),
('cust6', 'a665a45920422f9d417e4867efdc4fb8a04a1f3fff1fa07e998e86f7f7a27ae3', 'Active', 2),
('cust7', 'a665a45920422f9d417e4867efdc4fb8a04a1f3fff1fa07e998e86f7f7a27ae3', 'Active', 2),
('cust8', 'a665a45920422f9d417e4867efdc4fb8a04a1f3fff1fa07e998e86f7f7a27ae3', 'Active', 2),
('cust9', 'a665a45920422f9d417e4867efdc4fb8a04a1f3fff1fa07e998e86f7f7a27ae3', 'Active', 2),
('cust10', 'a665a45920422f9d417e4867efdc4fb8a04a1f3fff1fa07e998e86f7f7a27ae3', 'Active', 2),
('cust11', 'a665a45920422f9d417e4867efdc4fb8a04a1f3fff1fa07e998e86f7f7a27ae3', 'Active', 2),
('cust12', 'a665a45920422f9d417e4867efdc4fb8a04a1f3fff1fa07e998e86f7f7a27ae3', 'Active', 2),
('user1', 'a665a45920422f9d417e4867efdc4fb8a04a1f3fff1fa07e998e86f7f7a27ae3', 'Active', 2),
('user2', 'a665a45920422f9d417e4867efdc4fb8a04a1f3fff1fa07e998e86f7f7a27ae3', 'Active', 2),
('user3', 'a665a45920422f9d417e4867efdc4fb8a04a1f3fff1fa07e998e86f7f7a27ae3', 'Active', 2),
('user4', 'a665a45920422f9d417e4867efdc4fb8a04a1f3fff1fa07e998e86f7f7a27ae3', 'Active', 2),
('user5', 'a665a45920422f9d417e4867efdc4fb8a04a1f3fff1fa07e998e86f7f7a27ae3', 'Active', 2),
('user6', 'a665a45920422f9d417e4867efdc4fb8a04a1f3fff1fa07e998e86f7f7a27ae3', 'Active', 2),
('user7', 'a665a45920422f9d417e4867efdc4fb8a04a1f3fff1fa07e998e86f7f7a27ae3', 'Active', 2),
('user8', 'a665a45920422f9d417e4867efdc4fb8a04a1f3fff1fa07e998e86f7f7a27ae3', 'Active', 2),
('user9', 'a665a45920422f9d417e4867efdc4fb8a04a1f3fff1fa07e998e86f7f7a27ae3', 'Active', 2),
('user10', 'a665a45920422f9d417e4867efdc4fb8a04a1f3fff1fa07e998e86f7f7a27ae3', 'Active', 2),
('user11', 'a665a45920422f9d417e4867efdc4fb8a04a1f3fff1fa07e998e86f7f7a27ae3', 'Active', 2);

-- Staff
INSERT INTO Staff (StaffID, StaffName, Phone, Address, Email, Image, DateOfBirth, Username) VALUES
(1, 'Staff Member 1', '09001001', '1 Nguyen Trai, District 2', 'staff1@example.com', '/images/staff1.jpg', '1990-02-02', 'staff1'),
(2, 'Staff Member 2', '09001002', '2 Nguyen Trai, District 3', 'staff2@example.com', '/images/staff2.jpg', '1990-03-03', 'staff2'),
(3, 'Staff Member 3', '09001003', '3 Nguyen Trai, District 4', 'staff3@example.com', '/images/staff3.jpg', '1990-04-04', 'staff3'),
(4, 'Staff Member 4', '09001004', '4 Nguyen Trai, District 5', 'staff4@example.com', '/images/staff4.jpg', '1990-05-05', 'staff4'),
(5, 'Staff Member 5', '09001005', '5 Nguyen Trai, District 6', 'staff5@example.com', '/images/staff5.jpg', '1990-06-06', 'staff5'),
(6, 'Staff Member 6', '09001006', '6 Nguyen Trai, District 7', 'staff6@example.com', '/images/staff6.jpg', '1990-07-07', 'staff6'),
(7, 'Staff Member 7', '09001007', '7 Nguyen Trai, District 8', 'staff7@example.com', '/images/staff7.jpg', '1990-08-08', 'staff7'),
(8, 'Staff Member 8', '09001008', '8 Nguyen Trai, District 9', 'staff8@example.com', '/images/staff8.jpg', '1990-09-09', 'staff8'),
(9, 'Staff Member 9', '09001009', '9 Nguyen Trai, District 10', 'staff9@example.com', '/images/staff9.jpg', '1990-10-10', 'staff9'),
(10, 'Staff Member 10', '09001010', '10 Nguyen Trai, District 1', 'staff10@example.com', '/images/staff10.jpg', '1990-11-11', 'staff10');

-- Customers
INSERT INTO Customer (CustomerID, CustomerName, Address, Phone, Email, Username) VALUES
(1, 'Customer 1', '1 Le Loi, City 2', '09112001', 'customer1@example.com', 'cust1'),
(2, 'Customer 2', '2 Le Loi, City 3', '09112002', 'customer2@example.com', 'cust2'),
(3, 'Customer 3', '3 Le Loi, City 4', '09112003', 'customer3@example.com', 'cust3'),
(4, 'Customer 4', '4 Le Loi, City 5', '09112004', 'customer4@example.com', 'cust4'),
(5, 'Customer 5', '5 Le Loi, City 1', '09112005', 'customer5@example.com', 'cust5'),
(6, 'Customer 6', '6 Le Loi, City 2', '09112006', 'customer6@example.com', 'cust6'),
(7, 'Customer 7', '7 Le Loi, City 3', '09112007', 'customer7@example.com', 'cust7'),
(8, 'Customer 8', '8 Le Loi, City 4', '09112008', 'customer8@example.com', 'cust8'),
(9, 'Customer 9', '9 Le Loi, City 5', '09112009', 'customer9@example.com', 'cust9'),
(10, 'Customer 10', '10 Le Loi, City 1', '09112010', 'customer10@example.com', 'cust10'),
(11, 'Customer 11', '11 Le Loi, City 2', '09112011', 'customer11@example.com', 'cust11'),
(12, 'Customer 12', '12 Le Loi, City 3', '09112012', 'customer12@example.com', 'cust12');

-- Product Types (categories)
INSERT INTO Type (TypeID, TypeName, TypeImage) VALUES
(1, 'Laptops', '/images/type1.jpg'),
(2, 'Smartphones', '/images/type2.jpg'),
(3, 'Audio', '/images/type3.jpg'),
(4, 'Monitors', '/images/type4.jpg'),
(5, 'Networking', '/images/type5.jpg'),
(6, 'Accessories', '/images/type6.jpg');

-- Specification Types
INSERT INTO SpecificationType (SpecificationTypeID, SpecificationTypeName, TypeID) VALUES
(1, 'CPU', 1),
(2, 'RAM', 1),
(3, 'Screen Size', 1),
(4, 'Storage', 2),
(5, 'Color', 2),
(6, 'Battery', 2),
(7, 'Driver Type', 3),
(8, 'Noise Cancelling', 3),
(9, 'Resolution', 4),
(10, 'Refresh Rate', 4),
(11, 'Throughput', 5),
(12, 'WiFi Standard', 5),
(13, 'Material', 6),
(14, 'Connector', 6);

-- Products (20 realistic products)
INSERT INTO Product (ProductID, ProductName, ProductImage, ProductDescription, TypeID) VALUES
(1, 'Apple MacBook Air M2 13-inch', '/images/products/macbook_air_m2.jpg', 'Apple M2, thin and light, 8GB/256GB', 1),
(2, 'Dell XPS 13 Plus', '/images/products/dell_xps_13_plus.jpg', 'Intel i7, 16GB RAM, 512GB SSD', 1),
(3, 'Lenovo ThinkPad X1 Carbon Gen 11', '/images/products/thinkpad_x1.jpg', 'Business ultrabook, 16GB, 1TB', 1),
(4, 'HP Spectre x360 14', '/images/products/hp_spectre_x360.jpg', 'Convertible laptop, OLED option', 1),
(5, 'Samsung Galaxy S24 Ultra', '/images/products/galaxy_s24_ultra.jpg', 'Flagship smartphone, 12GB/256GB', 2),
(6, 'Apple iPhone 15 Pro', '/images/products/iphone_15_pro.jpg', 'A17 Pro chip, 6GB RAM', 2),
(7, 'Google Pixel 8 Pro', '/images/products/pixel_8_pro.jpg', 'Great camera, Tensor G3', 2),
(8, 'OnePlus 12', '/images/products/oneplus_12.jpg', 'Fast charging, flagship specs', 2),
(9, 'Sony WH-1000XM5', '/images/products/sony_wh1000xm5.jpg', 'Top-tier noise cancelling headphones', 3),
(10, 'Bose QuietComfort Ultra', '/images/products/bose_qc_ultra.jpg', 'Comfortable ANC headphones', 3),
(11, 'LG UltraFine 27" 4K', '/images/products/lg_ultrafine_27_4k.jpg', '27-inch 4K monitor for creatives', 4),
(12, 'ASUS ROG Swift 27" 240Hz', '/images/products/asus_rog_27_240hz.jpg', 'Gaming monitor, 240Hz', 4),
(13, 'Ubiquiti UniFi Dream Router', '/images/products/udr.jpg', 'Home/SMB router with UniFi OS', 5),
(14, 'TP-Link Archer AX6000', '/images/products/tplink_ax6000.jpg', 'High-performance WiFi 6 router', 5),
(15, 'Netgear Nighthawk Pro Gaming', '/images/products/nighthawk_pro.jpg', 'Gaming router with QoS', 5),
(16, 'Logitech MX Master 3', '/images/products/logi_mx3.jpg', 'Ergonomic wireless mouse', 6),
(17, 'Apple Magic Keyboard', '/images/products/magic_keyboard.jpg', 'Slim wireless keyboard', 6),
(18, 'Samsung T7 Portable SSD 1TB', '/images/products/samsung_t7.jpg', 'USB-C portable SSD', 6),
(19, 'Anker USB-C Hub 7-in-1', '/images/products/anker_hub.jpg', 'Multiport hub for laptops', 6),
(20, 'Sennheiser Momentum 4', '/images/products/sennheiser_momentum4.jpg', 'High-fidelity wireless headphones', 3);

-- Specifications and ProductSpecifications (2 specs per product)
INSERT INTO Specification (SpecificationID, SpecificationName, SpecificationValue, SpecificationTypeID) VALUES
(1, 'CPU', 'Apple M2', 1),
(2, 'RAM', '16GB', 2),
(3, 'CPU', 'Intel Core i7', 1),
(4, 'RAM', '16GB', 2),
(5, 'CPU', 'Apple M2', 1),
(6, 'RAM', '8GB', 2),
(7, 'CPU', 'Intel Core i7', 1),
(8, 'RAM', '16GB', 2),
(9, 'Storage', '128GB', 4),
(10, 'Color', 'Silver', 5),
(11, 'Storage', '256GB', 4),
(12, 'Color', 'Black', 5),
(13, 'Storage', '128GB', 4),
(14, 'Color', 'Silver', 5),
(15, 'Storage', '256GB', 4),
(16, 'Color', 'Silver', 5),
(17, 'Driver Type', 'Dynamic', 7),
(18, 'Noise Cancelling', 'Passive', 8),
(19, 'Driver Type', 'Dynamic', 7),
(20, 'Noise Cancelling', 'Active', 8),
(21, 'Resolution', '3840x2160', 9),
(22, 'Refresh Rate', '60Hz', 10),
(23, 'Resolution', '2560x1440', 9),
(24, 'Refresh Rate', '240Hz', 10),
(25, 'Throughput', '1Gbps', 11),
(26, 'WiFi Standard', 'WiFi 5', 12),
(27, 'Throughput', '2.5Gbps', 11),
(28, 'WiFi Standard', 'WiFi 6', 12),
(29, 'Throughput', '2.5Gbps', 11),
(30, 'WiFi Standard', 'WiFi 5', 12),
(31, 'Material', 'Aluminum', 13),
(32, 'Connector', 'Bluetooth', 14),
(33, 'Material', 'Aluminum', 13),
(34, 'Connector', 'Bluetooth', 14),
(35, 'Material', 'Plastic', 13),
(36, 'Connector', 'USB-C', 14),
(37, 'Material', 'Plastic', 13),
(38, 'Connector', 'USB-C', 14),
(39, 'Driver Type', 'Dynamic', 7),
(40, 'Noise Cancelling', 'Active', 8);

INSERT INTO ProductSpecification (ProductSpecificationID, ProductID, SpecificationID) VALUES
(1, 1, 1),
(2, 1, 2),
(3, 2, 3),
(4, 2, 4),
(5, 3, 5),
(6, 3, 6),
(7, 4, 7),
(8, 4, 8),
(9, 5, 9),
(10, 5, 10),
(11, 6, 11),
(12, 6, 12),
(13, 7, 13),
(14, 7, 14),
(15, 8, 15),
(16, 8, 16),
(17, 9, 17),
(18, 9, 18),
(19, 10, 19),
(20, 10, 20),
(21, 11, 21),
(22, 11, 22),
(23, 12, 23),
(24, 12, 24),
(25, 13, 25),
(26, 13, 26),
(27, 14, 27),
(28, 14, 28),
(29, 15, 29),
(30, 15, 30),
(31, 16, 31),
(32, 16, 32),
(33, 17, 33),
(34, 17, 34),
(35, 18, 35),
(36, 18, 36),
(37, 19, 37),
(38, 19, 38),
(39, 20, 39),
(40, 20, 40);

-- Inventory Items (20 serials per product)
INSERT INTO InventoryItem (ItemID, SerialNumber, ProductID) VALUES
(1, '001-SN-0001', 1),
(2, '001-SN-0002', 1),
(3, '001-SN-0003', 1),
(4, '001-SN-0004', 1),
(5, '001-SN-0005', 1),
(6, '001-SN-0006', 1),
(7, '001-SN-0007', 1),
(8, '001-SN-0008', 1),
(9, '001-SN-0009', 1),
(10, '001-SN-0010', 1),
(11, '001-SN-0011', 1),
(12, '001-SN-0012', 1),
(13, '001-SN-0013', 1),
(14, '001-SN-0014', 1),
(15, '001-SN-0015', 1),
(16, '001-SN-0016', 1),
(17, '001-SN-0017', 1),
(18, '001-SN-0018', 1),
(19, '001-SN-0019', 1),
(20, '001-SN-0020', 1),
(21, '002-SN-0001', 2),
(22, '002-SN-0002', 2),
(23, '002-SN-0003', 2),
(24, '002-SN-0004', 2),
(25, '002-SN-0005', 2),
(26, '002-SN-0006', 2),
(27, '002-SN-0007', 2),
(28, '002-SN-0008', 2),
(29, '002-SN-0009', 2),
(30, '002-SN-0010', 2),
(31, '002-SN-0011', 2),
(32, '002-SN-0012', 2),
(33, '002-SN-0013', 2),
(34, '002-SN-0014', 2),
(35, '002-SN-0015', 2),
(36, '002-SN-0016', 2),
(37, '002-SN-0017', 2),
(38, '002-SN-0018', 2),
(39, '002-SN-0019', 2),
(40, '002-SN-0020', 2),
(41, '003-SN-0001', 3),
(42, '003-SN-0002', 3),
(43, '003-SN-0003', 3),
(44, '003-SN-0004', 3),
(45, '003-SN-0005', 3),
(46, '003-SN-0006', 3),
(47, '003-SN-0007', 3),
(48, '003-SN-0008', 3),
(49, '003-SN-0009', 3),
(50, '003-SN-0010', 3),
(51, '003-SN-0011', 3),
(52, '003-SN-0012', 3),
(53, '003-SN-0013', 3),
(54, '003-SN-0014', 3),
(55, '003-SN-0015', 3),
(56, '003-SN-0016', 3),
(57, '003-SN-0017', 3),
(58, '003-SN-0018', 3),
(59, '003-SN-0019', 3),
(60, '003-SN-0020', 3),
(61, '004-SN-0001', 4),
(62, '004-SN-0002', 4),
(63, '004-SN-0003', 4),
(64, '004-SN-0004', 4),
(65, '004-SN-0005', 4),
(66, '004-SN-0006', 4),
(67, '004-SN-0007', 4),
(68, '004-SN-0008', 4),
(69, '004-SN-0009', 4),
(70, '004-SN-0010', 4),
(71, '004-SN-0011', 4),
(72, '004-SN-0012', 4),
(73, '004-SN-0013', 4),
(74, '004-SN-0014', 4),
(75, '004-SN-0015', 4),
(76, '004-SN-0016', 4),
(77, '004-SN-0017', 4),
(78, '004-SN-0018', 4),
(79, '004-SN-0019', 4),
(80, '004-SN-0020', 4),
(81, '005-SN-0001', 5),
(82, '005-SN-0002', 5),
(83, '005-SN-0003', 5),
(84, '005-SN-0004', 5),
(85, '005-SN-0005', 5),
(86, '005-SN-0006', 5),
(87, '005-SN-0007', 5),
(88, '005-SN-0008', 5),
(89, '005-SN-0009', 5),
(90, '005-SN-0010', 5),
(91, '005-SN-0011', 5),
(92, '005-SN-0012', 5),
(93, '005-SN-0013', 5),
(94, '005-SN-0014', 5),
(95, '005-SN-0015', 5),
(96, '005-SN-0016', 5),
(97, '005-SN-0017', 5),
(98, '005-SN-0018', 5),
(99, '005-SN-0019', 5),
(100, '005-SN-0020', 5),
(101, '006-SN-0001', 6),
(102, '006-SN-0002', 6),
(103, '006-SN-0003', 6),
(104, '006-SN-0004', 6),
(105, '006-SN-0005', 6),
(106, '006-SN-0006', 6),
(107, '006-SN-0007', 6),
(108, '006-SN-0008', 6),
(109, '006-SN-0009', 6),
(110, '006-SN-0010', 6),
(111, '006-SN-0011', 6),
(112, '006-SN-0012', 6),
(113, '006-SN-0013', 6),
(114, '006-SN-0014', 6),
(115, '006-SN-0015', 6),
(116, '006-SN-0016', 6),
(117, '006-SN-0017', 6),
(118, '006-SN-0018', 6),
(119, '006-SN-0019', 6),
(120, '006-SN-0020', 6),
(121, '007-SN-0001', 7),
(122, '007-SN-0002', 7),
(123, '007-SN-0003', 7),
(124, '007-SN-0004', 7),
(125, '007-SN-0005', 7),
(126, '007-SN-0006', 7),
(127, '007-SN-0007', 7),
(128, '007-SN-0008', 7),
(129, '007-SN-0009', 7),
(130, '007-SN-0010', 7),
(131, '007-SN-0011', 7),
(132, '007-SN-0012', 7),
(133, '007-SN-0013', 7),
(134, '007-SN-0014', 7),
(135, '007-SN-0015', 7),
(136, '007-SN-0016', 7),
(137, '007-SN-0017', 7),
(138, '007-SN-0018', 7),
(139, '007-SN-0019', 7),
(140, '007-SN-0020', 7),
(141, '008-SN-0001', 8),
(142, '008-SN-0002', 8),
(143, '008-SN-0003', 8),
(144, '008-SN-0004', 8),
(145, '008-SN-0005', 8),
(146, '008-SN-0006', 8),
(147, '008-SN-0007', 8),
(148, '008-SN-0008', 8),
(149, '008-SN-0009', 8),
(150, '008-SN-0010', 8),
(151, '008-SN-0011', 8),
(152, '008-SN-0012', 8),
(153, '008-SN-0013', 8),
(154, '008-SN-0014', 8),
(155, '008-SN-0015', 8),
(156, '008-SN-0016', 8),
(157, '008-SN-0017', 8),
(158, '008-SN-0018', 8),
(159, '008-SN-0019', 8),
(160, '008-SN-0020', 8),
(161, '009-SN-0001', 9),
(162, '009-SN-0002', 9),
(163, '009-SN-0003', 9),
(164, '009-SN-0004', 9),
(165, '009-SN-0005', 9),
(166, '009-SN-0006', 9),
(167, '009-SN-0007', 9),
(168, '009-SN-0008', 9),
(169, '009-SN-0009', 9),
(170, '009-SN-0010', 9),
(171, '009-SN-0011', 9),
(172, '009-SN-0012', 9),
(173, '009-SN-0013', 9),
(174, '009-SN-0014', 9),
(175, '009-SN-0015', 9),
(176, '009-SN-0016', 9),
(177, '009-SN-0017', 9),
(178, '009-SN-0018', 9),
(179, '009-SN-0019', 9),
(180, '009-SN-0020', 9),
(181, '010-SN-0001', 10),
(182, '010-SN-0002', 10),
(183, '010-SN-0003', 10),
(184, '010-SN-0004', 10),
(185, '010-SN-0005', 10),
(186, '010-SN-0006', 10),
(187, '010-SN-0007', 10),
(188, '010-SN-0008', 10),
(189, '010-SN-0009', 10),
(190, '010-SN-0010', 10),
(191, '010-SN-0011', 10),
(192, '010-SN-0012', 10),
(193, '010-SN-0013', 10),
(194, '010-SN-0014', 10),
(195, '010-SN-0015', 10),
(196, '010-SN-0016', 10),
(197, '010-SN-0017', 10),
(198, '010-SN-0018', 10),
(199, '010-SN-0019', 10),
(200, '010-SN-0020', 10),
(201, '011-SN-0001', 11),
(202, '011-SN-0002', 11),
(203, '011-SN-0003', 11),
(204, '011-SN-0004', 11),
(205, '011-SN-0005', 11),
(206, '011-SN-0006', 11),
(207, '011-SN-0007', 11),
(208, '011-SN-0008', 11),
(209, '011-SN-0009', 11),
(210, '011-SN-0010', 11),
(211, '011-SN-0011', 11),
(212, '011-SN-0012', 11),
(213, '011-SN-0013', 11),
(214, '011-SN-0014', 11),
(215, '011-SN-0015', 11),
(216, '011-SN-0016', 11),
(217, '011-SN-0017', 11),
(218, '011-SN-0018', 11),
(219, '011-SN-0019', 11),
(220, '011-SN-0020', 11),
(221, '012-SN-0001', 12),
(222, '012-SN-0002', 12),
(223, '012-SN-0003', 12),
(224, '012-SN-0004', 12),
(225, '012-SN-0005', 12),
(226, '012-SN-0006', 12),
(227, '012-SN-0007', 12),
(228, '012-SN-0008', 12),
(229, '012-SN-0009', 12),
(230, '012-SN-0010', 12),
(231, '012-SN-0011', 12),
(232, '012-SN-0012', 12),
(233, '012-SN-0013', 12),
(234, '012-SN-0014', 12),
(235, '012-SN-0015', 12),
(236, '012-SN-0016', 12),
(237, '012-SN-0017', 12),
(238, '012-SN-0018', 12),
(239, '012-SN-0019', 12),
(240, '012-SN-0020', 12),
(241, '013-SN-0001', 13),
(242, '013-SN-0002', 13),
(243, '013-SN-0003', 13),
(244, '013-SN-0004', 13),
(245, '013-SN-0005', 13),
(246, '013-SN-0006', 13),
(247, '013-SN-0007', 13),
(248, '013-SN-0008', 13),
(249, '013-SN-0009', 13),
(250, '013-SN-0010', 13),
(251, '013-SN-0011', 13),
(252, '013-SN-0012', 13),
(253, '013-SN-0013', 13),
(254, '013-SN-0014', 13),
(255, '013-SN-0015', 13),
(256, '013-SN-0016', 13),
(257, '013-SN-0017', 13),
(258, '013-SN-0018', 13),
(259, '013-SN-0019', 13),
(260, '013-SN-0020', 13),
(261, '014-SN-0001', 14),
(262, '014-SN-0002', 14),
(263, '014-SN-0003', 14),
(264, '014-SN-0004', 14),
(265, '014-SN-0005', 14),
(266, '014-SN-0006', 14),
(267, '014-SN-0007', 14),
(268, '014-SN-0008', 14),
(269, '014-SN-0009', 14),
(270, '014-SN-0010', 14),
(271, '014-SN-0011', 14),
(272, '014-SN-0012', 14),
(273, '014-SN-0013', 14),
(274, '014-SN-0014', 14),
(275, '014-SN-0015', 14),
(276, '014-SN-0016', 14),
(277, '014-SN-0017', 14),
(278, '014-SN-0018', 14),
(279, '014-SN-0019', 14),
(280, '014-SN-0020', 14),
(281, '015-SN-0001', 15),
(282, '015-SN-0002', 15),
(283, '015-SN-0003', 15),
(284, '015-SN-0004', 15),
(285, '015-SN-0005', 15),
(286, '015-SN-0006', 15),
(287, '015-SN-0007', 15),
(288, '015-SN-0008', 15),
(289, '015-SN-0009', 15),
(290, '015-SN-0010', 15),
(291, '015-SN-0011', 15),
(292, '015-SN-0012', 15),
(293, '015-SN-0013', 15),
(294, '015-SN-0014', 15),
(295, '015-SN-0015', 15),
(296, '015-SN-0016', 15),
(297, '015-SN-0017', 15),
(298, '015-SN-0018', 15),
(299, '015-SN-0019', 15),
(300, '015-SN-0020', 15),
(301, '016-SN-0001', 16),
(302, '016-SN-0002', 16),
(303, '016-SN-0003', 16),
(304, '016-SN-0004', 16),
(305, '016-SN-0005', 16),
(306, '016-SN-0006', 16),
(307, '016-SN-0007', 16),
(308, '016-SN-0008', 16),
(309, '016-SN-0009', 16),
(310, '016-SN-0010', 16),
(311, '016-SN-0011', 16),
(312, '016-SN-0012', 16),
(313, '016-SN-0013', 16),
(314, '016-SN-0014', 16),
(315, '016-SN-0015', 16),
(316, '016-SN-0016', 16),
(317, '016-SN-0017', 16),
(318, '016-SN-0018', 16),
(319, '016-SN-0019', 16),
(320, '016-SN-0020', 16),
(321, '017-SN-0001', 17),
(322, '017-SN-0002', 17),
(323, '017-SN-0003', 17),
(324, '017-SN-0004', 17),
(325, '017-SN-0005', 17),
(326, '017-SN-0006', 17),
(327, '017-SN-0007', 17),
(328, '017-SN-0008', 17),
(329, '017-SN-0009', 17),
(330, '017-SN-0010', 17),
(331, '017-SN-0011', 17),
(332, '017-SN-0012', 17),
(333, '017-SN-0013', 17),
(334, '017-SN-0014', 17),
(335, '017-SN-0015', 17),
(336, '017-SN-0016', 17),
(337, '017-SN-0017', 17),
(338, '017-SN-0018', 17),
(339, '017-SN-0019', 17),
(340, '017-SN-0020', 17),
(341, '018-SN-0001', 18),
(342, '018-SN-0002', 18),
(343, '018-SN-0003', 18),
(344, '018-SN-0004', 18),
(345, '018-SN-0005', 18),
(346, '018-SN-0006', 18),
(347, '018-SN-0007', 18),
(348, '018-SN-0008', 18),
(349, '018-SN-0009', 18),
(350, '018-SN-0010', 18),
(351, '018-SN-0011', 18),
(352, '018-SN-0012', 18),
(353, '018-SN-0013', 18),
(354, '018-SN-0014', 18),
(355, '018-SN-0015', 18),
(356, '018-SN-0016', 18),
(357, '018-SN-0017', 18),
(358, '018-SN-0018', 18),
(359, '018-SN-0019', 18),
(360, '018-SN-0020', 18),
(361, '019-SN-0001', 19),
(362, '019-SN-0002', 19),
(363, '019-SN-0003', 19),
(364, '019-SN-0004', 19),
(365, '019-SN-0005', 19),
(366, '019-SN-0006', 19),
(367, '019-SN-0007', 19),
(368, '019-SN-0008', 19),
(369, '019-SN-0009', 19),
(370, '019-SN-0010', 19),
(371, '019-SN-0011', 19),
(372, '019-SN-0012', 19),
(373, '019-SN-0013', 19),
(374, '019-SN-0014', 19),
(375, '019-SN-0015', 19),
(376, '019-SN-0016', 19),
(377, '019-SN-0017', 19),
(378, '019-SN-0018', 19),
(379, '019-SN-0019', 19),
(380, '019-SN-0020', 19),
(381, '020-SN-0001', 20),
(382, '020-SN-0002', 20),
(383, '020-SN-0003', 20),
(384, '020-SN-0004', 20),
(385, '020-SN-0005', 20),
(386, '020-SN-0006', 20),
(387, '020-SN-0007', 20),
(388, '020-SN-0008', 20),
(389, '020-SN-0009', 20),
(390, '020-SN-0010', 20),
(391, '020-SN-0011', 20),
(392, '020-SN-0012', 20),
(393, '020-SN-0013', 20),
(394, '020-SN-0014', 20),
(395, '020-SN-0015', 20),
(396, '020-SN-0016', 20),
(397, '020-SN-0017', 20),
(398, '020-SN-0018', 20),
(399, '020-SN-0019', 20),
(400, '020-SN-0020', 20);

-- Warehouses
INSERT INTO Warehouse (WarehouseID, WarehouseName, Location, WarehouseManager) VALUES
(1, 'Central Warehouse - HN', '123 Tran Hung Dao, Hanoi', 'wmgr1'),
(2, 'Ho Chi Minh Warehouse', '45 Nguyen Van Linh, HCM', 'wmgr2'),
(3, 'Da Nang Warehouse', '8 Le Duan, Da Nang', 'wmgr3'),
(4, 'Hue Warehouse', '12 Vo Nguyen Giap, Hue', 'wmgr4'),
(5, 'Can Tho Warehouse', '77 Nguyen An Ninh, Can Tho', 'wmgr5'),
(6, 'Hai Phong Warehouse', '5 Le Loi, Hai Phong', 'wmgr6');

-- ProductWarehouse: map each ItemID to a Warehouse (random distribution)
INSERT INTO ProductWarehouse (ProductWarehouseID, ProductStatus, WarehouseID, ItemID) VALUES
(1, 'In_Stock', 3, 1),
(2, 'In_Stock', 5, 2),
(3, 'In_Stock', 1, 3),
(4, 'In_Stock', 3, 4),
(5, 'In_Stock', 5, 5),
(6, 'In_Stock', 2, 6),
(7, 'In_Stock', 5, 7),
(8, 'In_Stock', 3, 8),
(9, 'In_Stock', 5, 9),
(10, 'In_Stock', 6, 10),
(11, 'In_Stock', 2, 11),
(12, 'In_Stock', 3, 12),
(13, 'In_Stock', 1, 13),
(14, 'In_Stock', 2, 14),
(15, 'In_Stock', 4, 15),
(16, 'In_Stock', 2, 16),
(17, 'In_Stock', 6, 17),
(18, 'In_Stock', 5, 18),
(19, 'In_Stock', 2, 19),
(20, 'In_Stock', 5, 20),
(21, 'In_Stock', 2, 21),
(22, 'In_Stock', 5, 22),
(23, 'In_Stock', 6, 23),
(24, 'In_Stock', 6, 24),
(25, 'In_Stock', 2, 25),
(26, 'In_Stock', 2, 26),
(27, 'In_Stock', 3, 27),
(28, 'In_Stock', 3, 28),
(29, 'In_Stock', 4, 29),
(30, 'In_Stock', 1, 30),
(31, 'In_Stock', 5, 31),
(32, 'In_Stock', 2, 32),
(33, 'In_Stock', 3, 33),
(34, 'In_Stock', 6, 34),
(35, 'In_Stock', 4, 35),
(36, 'In_Stock', 4, 36),
(37, 'In_Stock', 6, 37),
(38, 'In_Stock', 2, 38),
(39, 'In_Stock', 3, 39),
(40, 'In_Stock', 5, 40),
(41, 'In_Stock', 2, 41),
(42, 'In_Stock', 5, 42),
(43, 'In_Stock', 2, 43),
(44, 'In_Stock', 4, 44),
(45, 'In_Stock', 4, 45),
(46, 'In_Stock', 5, 46),
(47, 'In_Stock', 4, 47),
(48, 'In_Stock', 6, 48),
(49, 'In_Stock', 2, 49),
(50, 'In_Stock', 3, 50),
(51, 'In_Stock', 5, 51),
(52, 'In_Stock', 4, 52),
(53, 'In_Stock', 5, 53),
(54, 'In_Stock', 2, 54),
(55, 'In_Stock', 1, 55),
(56, 'In_Stock', 4, 56),
(57, 'In_Stock', 2, 57),
(58, 'In_Stock', 3, 58),
(59, 'In_Stock', 2, 59),
(60, 'In_Stock', 4, 60),
(61, 'In_Stock', 4, 61),
(62, 'In_Stock', 4, 62),
(63, 'In_Stock', 1, 63),
(64, 'In_Stock', 4, 64),
(65, 'In_Stock', 1, 65),
(66, 'In_Stock', 1, 66),
(67, 'In_Stock', 3, 67),
(68, 'In_Stock', 6, 68),
(69, 'In_Stock', 4, 69),
(70, 'In_Stock', 4, 70),
(71, 'In_Stock', 1, 71),
(72, 'In_Stock', 2, 72),
(73, 'In_Stock', 6, 73),
(74, 'In_Stock', 2, 74),
(75, 'In_Stock', 5, 75),
(76, 'In_Stock', 4, 76),
(77, 'In_Stock', 1, 77),
(78, 'In_Stock', 2, 78),
(79, 'In_Stock', 1, 79),
(80, 'In_Stock', 4, 80),
(81, 'In_Stock', 5, 81),
(82, 'In_Stock', 5, 82),
(83, 'In_Stock', 4, 83),
(84, 'In_Stock', 5, 84),
(85, 'In_Stock', 3, 85),
(86, 'In_Stock', 2, 86),
(87, 'In_Stock', 2, 87),
(88, 'In_Stock', 6, 88),
(89, 'In_Stock', 2, 89),
(90, 'In_Stock', 2, 90),
(91, 'In_Stock', 4, 91),
(92, 'In_Stock', 4, 92),
(93, 'In_Stock', 2, 93),
(94, 'In_Stock', 4, 94),
(95, 'In_Stock', 4, 95),
(96, 'In_Stock', 6, 96),
(97, 'In_Stock', 3, 97),
(98, 'In_Stock', 1, 98),
(99, 'In_Stock', 2, 99),
(100, 'In_Stock', 5, 100),
(101, 'In_Stock', 2, 101),
(102, 'In_Stock', 2, 102),
(103, 'In_Stock', 2, 103),
(104, 'In_Stock', 2, 104),
(105, 'In_Stock', 4, 105),
(106, 'In_Stock', 5, 106),
(107, 'In_Stock', 1, 107),
(108, 'In_Stock', 1, 108),
(109, 'In_Stock', 4, 109),
(110, 'In_Stock', 6, 110),
(111, 'In_Stock', 1, 111),
(112, 'In_Stock', 3, 112),
(113, 'In_Stock', 3, 113),
(114, 'In_Stock', 6, 114),
(115, 'In_Stock', 6, 115),
(116, 'In_Stock', 6, 116),
(117, 'In_Stock', 3, 117),
(118, 'In_Stock', 3, 118),
(119, 'In_Stock', 4, 119),
(120, 'In_Stock', 3, 120),
(121, 'In_Stock', 3, 121),
(122, 'In_Stock', 1, 122),
(123, 'In_Stock', 4, 123),
(124, 'In_Stock', 5, 124),
(125, 'In_Stock', 1, 125),
(126, 'In_Stock', 1, 126),
(127, 'In_Stock', 2, 127),
(128, 'In_Stock', 5, 128),
(129, 'In_Stock', 3, 129),
(130, 'In_Stock', 6, 130),
(131, 'In_Stock', 1, 131),
(132, 'In_Stock', 3, 132),
(133, 'In_Stock', 3, 133),
(134, 'In_Stock', 2, 134),
(135, 'In_Stock', 4, 135),
(136, 'In_Stock', 2, 136),
(137, 'In_Stock', 2, 137),
(138, 'In_Stock', 6, 138),
(139, 'In_Stock', 2, 139),
(140, 'In_Stock', 2, 140),
(141, 'In_Stock', 6, 141),
(142, 'In_Stock', 1, 142),
(143, 'In_Stock', 3, 143),
(144, 'In_Stock', 1, 144),
(145, 'In_Stock', 3, 145),
(146, 'In_Stock', 3, 146),
(147, 'In_Stock', 3, 147),
(148, 'In_Stock', 5, 148),
(149, 'In_Stock', 3, 149),
(150, 'In_Stock', 1, 150),
(151, 'In_Stock', 6, 151),
(152, 'In_Stock', 5, 152),
(153, 'In_Stock', 1, 153),
(154, 'In_Stock', 6, 154),
(155, 'In_Stock', 1, 155),
(156, 'In_Stock', 2, 156),
(157, 'In_Stock', 5, 157),
(158, 'In_Stock', 4, 158),
(159, 'In_Stock', 3, 159),
(160, 'In_Stock', 1, 160),
(161, 'In_Stock', 2, 161),
(162, 'In_Stock', 4, 162),
(163, 'In_Stock', 6, 163),
(164, 'In_Stock', 3, 164),
(165, 'In_Stock', 1, 165),
(166, 'In_Stock', 3, 166),
(167, 'In_Stock', 1, 167),
(168, 'In_Stock', 6, 168),
(169, 'In_Stock', 1, 169),
(170, 'In_Stock', 5, 170),
(171, 'In_Stock', 3, 171),
(172, 'In_Stock', 5, 172),
(173, 'In_Stock', 4, 173),
(174, 'In_Stock', 2, 174),
(175, 'In_Stock', 1, 175),
(176, 'In_Stock', 1, 176),
(177, 'In_Stock', 5, 177),
(178, 'In_Stock', 6, 178),
(179, 'In_Stock', 1, 179),
(180, 'In_Stock', 5, 180),
(181, 'In_Stock', 2, 181),
(182, 'In_Stock', 1, 182),
(183, 'In_Stock', 6, 183),
(184, 'In_Stock', 1, 184),
(185, 'In_Stock', 2, 185),
(186, 'In_Stock', 5, 186),
(187, 'In_Stock', 1, 187),
(188, 'In_Stock', 4, 188),
(189, 'In_Stock', 3, 189),
(190, 'In_Stock', 3, 190),
(191, 'In_Stock', 5, 191),
(192, 'In_Stock', 6, 192),
(193, 'In_Stock', 5, 193),
(194, 'In_Stock', 3, 194),
(195, 'In_Stock', 4, 195),
(196, 'In_Stock', 6, 196),
(197, 'In_Stock', 5, 197),
(198, 'In_Stock', 3, 198),
(199, 'In_Stock', 3, 199),
(200, 'In_Stock', 2, 200),
(201, 'In_Stock', 1, 201),
(202, 'In_Stock', 3, 202),
(203, 'In_Stock', 6, 203),
(204, 'In_Stock', 3, 204),
(205, 'In_Stock', 3, 205),
(206, 'In_Stock', 3, 206),
(207, 'In_Stock', 4, 207),
(208, 'In_Stock', 6, 208),
(209, 'In_Stock', 4, 209),
(210, 'In_Stock', 1, 210),
(211, 'In_Stock', 1, 211),
(212, 'In_Stock', 5, 212),
(213, 'In_Stock', 1, 213),
(214, 'In_Stock', 5, 214),
(215, 'In_Stock', 6, 215),
(216, 'In_Stock', 6, 216),
(217, 'In_Stock', 4, 217),
(218, 'In_Stock', 5, 218),
(219, 'In_Stock', 5, 219),
(220, 'In_Stock', 4, 220),
(221, 'In_Stock', 5, 221),
(222, 'In_Stock', 4, 222),
(223, 'In_Stock', 3, 223),
(224, 'In_Stock', 2, 224),
(225, 'In_Stock', 6, 225),
(226, 'In_Stock', 6, 226),
(227, 'In_Stock', 3, 227),
(228, 'In_Stock', 5, 228),
(229, 'In_Stock', 4, 229),
(230, 'In_Stock', 3, 230),
(231, 'In_Stock', 2, 231),
(232, 'In_Stock', 5, 232),
(233, 'In_Stock', 2, 233),
(234, 'In_Stock', 1, 234),
(235, 'In_Stock', 2, 235),
(236, 'In_Stock', 3, 236),
(237, 'In_Stock', 3, 237),
(238, 'In_Stock', 6, 238),
(239, 'In_Stock', 5, 239),
(240, 'In_Stock', 1, 240),
(241, 'In_Stock', 5, 241),
(242, 'In_Stock', 6, 242),
(243, 'In_Stock', 1, 243),
(244, 'In_Stock', 4, 244),
(245, 'In_Stock', 2, 245),
(246, 'In_Stock', 4, 246),
(247, 'In_Stock', 2, 247),
(248, 'In_Stock', 4, 248),
(249, 'In_Stock', 1, 249),
(250, 'In_Stock', 3, 250),
(251, 'In_Stock', 5, 251),
(252, 'In_Stock', 5, 252),
(253, 'In_Stock', 3, 253),
(254, 'In_Stock', 5, 254),
(255, 'In_Stock', 2, 255),
(256, 'In_Stock', 5, 256),
(257, 'In_Stock', 1, 257),
(258, 'In_Stock', 1, 258),
(259, 'In_Stock', 2, 259),
(260, 'In_Stock', 1, 260),
(261, 'In_Stock', 2, 261),
(262, 'In_Stock', 1, 262),
(263, 'In_Stock', 4, 263),
(264, 'In_Stock', 5, 264),
(265, 'In_Stock', 6, 265),
(266, 'In_Stock', 3, 266),
(267, 'In_Stock', 2, 267),
(268, 'In_Stock', 3, 268),
(269, 'In_Stock', 3, 269),
(270, 'In_Stock', 3, 270),
(271, 'In_Stock', 4, 271),
(272, 'In_Stock', 2, 272),
(273, 'In_Stock', 2, 273),
(274, 'In_Stock', 6, 274),
(275, 'In_Stock', 2, 275),
(276, 'In_Stock', 1, 276),
(277, 'In_Stock', 5, 277),
(278, 'In_Stock', 5, 278),
(279, 'In_Stock', 2, 279),
(280, 'In_Stock', 1, 280),
(281, 'In_Stock', 5, 281),
(282, 'In_Stock', 5, 282),
(283, 'In_Stock', 6, 283),
(284, 'In_Stock', 1, 284),
(285, 'In_Stock', 2, 285),
(286, 'In_Stock', 5, 286),
(287, 'In_Stock', 1, 287),
(288, 'In_Stock', 1, 288),
(289, 'In_Stock', 4, 289),
(290, 'In_Stock', 2, 290),
(291, 'In_Stock', 5, 291),
(292, 'In_Stock', 2, 292),
(293, 'In_Stock', 4, 293),
(294, 'In_Stock', 5, 294),
(295, 'In_Stock', 2, 295),
(296, 'In_Stock', 3, 296),
(297, 'In_Stock', 1, 297),
(298, 'In_Stock', 1, 298),
(299, 'In_Stock', 4, 299),
(300, 'In_Stock', 6, 300),
(301, 'In_Stock', 5, 301),
(302, 'In_Stock', 4, 302),
(303, 'In_Stock', 4, 303),
(304, 'In_Stock', 1, 304),
(305, 'In_Stock', 2, 305),
(306, 'In_Stock', 5, 306),
(307, 'In_Stock', 5, 307),
(308, 'In_Stock', 6, 308),
(309, 'In_Stock', 4, 309),
(310, 'In_Stock', 1, 310),
(311, 'In_Stock', 1, 311),
(312, 'In_Stock', 5, 312),
(313, 'In_Stock', 3, 313),
(314, 'In_Stock', 3, 314),
(315, 'In_Stock', 2, 315),
(316, 'In_Stock', 4, 316),
(317, 'In_Stock', 2, 317),
(318, 'In_Stock', 2, 318),
(319, 'In_Stock', 5, 319),
(320, 'In_Stock', 3, 320),
(321, 'In_Stock', 1, 321),
(322, 'In_Stock', 3, 322),
(323, 'In_Stock', 4, 323),
(324, 'In_Stock', 3, 324),
(325, 'In_Stock', 3, 325),
(326, 'In_Stock', 2, 326),
(327, 'In_Stock', 1, 327),
(328, 'In_Stock', 4, 328),
(329, 'In_Stock', 5, 329),
(330, 'In_Stock', 3, 330),
(331, 'In_Stock', 6, 331),
(332, 'In_Stock', 3, 332),
(333, 'In_Stock', 1, 333),
(334, 'In_Stock', 5, 334),
(335, 'In_Stock', 5, 335),
(336, 'In_Stock', 3, 336),
(337, 'In_Stock', 5, 337),
(338, 'In_Stock', 3, 338),
(339, 'In_Stock', 3, 339),
(340, 'In_Stock', 5, 340),
(341, 'In_Stock', 4, 341),
(342, 'In_Stock', 1, 342),
(343, 'In_Stock', 1, 343),
(344, 'In_Stock', 6, 344),
(345, 'In_Stock', 6, 345),
(346, 'In_Stock', 4, 346),
(347, 'In_Stock', 1, 347),
(348, 'In_Stock', 1, 348),
(349, 'In_Stock', 5, 349),
(350, 'In_Stock', 2, 350),
(351, 'In_Stock', 5, 351),
(352, 'In_Stock', 6, 352),
(353, 'In_Stock', 4, 353),
(354, 'In_Stock', 5, 354),
(355, 'In_Stock', 1, 355),
(356, 'In_Stock', 1, 356),
(357, 'In_Stock', 5, 357),
(358, 'In_Stock', 4, 358),
(359, 'In_Stock', 2, 359),
(360, 'In_Stock', 4, 360),
(361, 'In_Stock', 6, 361),
(362, 'In_Stock', 6, 362),
(363, 'In_Stock', 2, 363),
(364, 'In_Stock', 6, 364),
(365, 'In_Stock', 1, 365),
(366, 'In_Stock', 2, 366),
(367, 'In_Stock', 1, 367),
(368, 'In_Stock', 2, 368),
(369, 'In_Stock', 6, 369),
(370, 'In_Stock', 5, 370),
(371, 'In_Stock', 1, 371),
(372, 'In_Stock', 3, 372),
(373, 'In_Stock', 6, 373),
(374, 'In_Stock', 4, 374),
(375, 'In_Stock', 3, 375),
(376, 'In_Stock', 1, 376),
(377, 'In_Stock', 1, 377),
(378, 'In_Stock', 5, 378),
(379, 'In_Stock', 6, 379),
(380, 'In_Stock', 3, 380),
(381, 'In_Stock', 2, 381),
(382, 'In_Stock', 2, 382),
(383, 'In_Stock', 1, 383),
(384, 'In_Stock', 1, 384),
(385, 'In_Stock', 6, 385),
(386, 'In_Stock', 4, 386),
(387, 'In_Stock', 5, 387),
(388, 'In_Stock', 4, 388),
(389, 'In_Stock', 3, 389),
(390, 'In_Stock', 2, 390),
(391, 'In_Stock', 1, 391),
(392, 'In_Stock', 4, 392),
(393, 'In_Stock', 4, 393),
(394, 'In_Stock', 5, 394),
(395, 'In_Stock', 3, 395),
(396, 'In_Stock', 1, 396),
(397, 'In_Stock', 3, 397),
(398, 'In_Stock', 3, 398),
(399, 'In_Stock', 1, 399),
(400, 'In_Stock', 6, 400);

-- Feedback sample
INSERT INTO Feedback (FeedbackID, Content, Rating, Response, FeedbackDate, CustomerID) VALUES
(1, 'Feedback sample #1 - product experience was good.', 5, 'Thanks for your feedback.', '2025-02-02 10:00:00', 'cust1'),
(2, 'Feedback sample #2 - product experience was good.', 5, 'Thanks for your feedback.', '2025-03-03 10:00:00', 'cust2'),
(3, 'Feedback sample #3 - product experience was good.', 4, 'Thanks for your feedback.', '2025-04-04 10:00:00', 'cust3'),
(4, 'Feedback sample #4 - product experience was good.', 3, 'Thanks for your feedback.', '2025-05-05 10:00:00', 'cust4'),
(5, 'Feedback sample #5 - product experience was good.', 4, 'Thanks for your feedback.', '2025-06-06 10:00:00', 'cust5'),
(6, 'Feedback sample #6 - product experience was good.', 4, 'Thanks for your feedback.', '2025-07-07 10:00:00', 'cust6');

-- Add supporter accounts (RoleID = 3)
INSERT IGNORE INTO Account (Username, PasswordHash, AccountStatus, RoleID) VALUES
('support1','hash_support1','Active',3),
('support2','hash_support2','Active',3),
('support3','hash_support3','Active',3);

-- Contracts
INSERT INTO Contract (ContractID, ContractCode, ContractImage, StartDate, ExpiredDate, CustomerID) VALUES
(1, 'CTR-2025-0001', '/images/contracts/ctr_2025_0001.jpg', '2025-05-20', '2026-05-20', 1),
(2, 'CTR-2025-0002', '/images/contracts/ctr_2025_0002.jpg', '2025-05-24', '2026-05-24', 4),
(3, 'CTR-2025-0003', '/images/contracts/ctr_2025_0003.jpg', '2025-07-15', '2026-07-15', 6),
(4, 'CTR-2025-0004', '/images/contracts/ctr_2025_0004.jpg', '2025-07-10', '2026-07-10', 11),
(5, 'CTR-2025-0005', '/images/contracts/ctr_2025_0005.jpg', '2025-09-16', '2026-09-16', 11),
(6, 'CTR-2025-0006', '/images/contracts/ctr_2025_0006.jpg', '2025-09-12', '2026-09-12', 4),
(7, 'CTR-2025-0007', '/images/contracts/ctr_2025_0007.jpg', '2025-06-20', '2026-06-20', 12),
(8, 'CTR-2025-0008', '/images/contracts/ctr_2025_0008.jpg', '2025-06-05', '2026-06-05', 3),
(9, 'CTR-2025-0009', '/images/contracts/ctr_2025_0009.jpg', '2025-07-19', '2026-07-19', 2),
(10, 'CTR-2025-0010', '/images/contracts/ctr_2025_0010.jpg', '2025-07-01', '2026-07-01', 4),
(11, 'CTR-2025-0011', '/images/contracts/ctr_2025_0011.jpg', '2025-05-21', '2026-05-21', 10),
(12, 'CTR-2025-0012', '/images/contracts/ctr_2025_0012.jpg', '2025-09-15', '2026-09-15', 4);

-- ProductContract (linking Items to Contracts)
INSERT INTO ProductContract (ItemID, ContractID) VALUES
(395, 1),
(258, 1),
(163, 2),
(267, 2),
(377, 3),
(266, 3),
(389, 3),
(167, 4),
(129, 5),
(179, 5),
(91, 5),
(47, 6),
(133, 7),
(126, 7),
(192, 7),
(34, 8),
(59, 9),
(140, 9),
(135, 9),
(173, 10),
(200, 10),
(35, 10),
(361, 11),
(228, 12),
(223, 12);

-- Requests
INSERT INTO Request (RequestID, RequestDescription, RequestStatus, StartDate, FinishedDate, Note, ContractID) VALUES
(1, 'Complaint about product performance', 'Pending', '2025-10-26 13:24:00', NULL, 'Under review', 12),
(2, 'Request firmware update', 'Approved', '2025-10-03 15:07:00', '2025-10-06 15:07:00', 'Awaiting customer response', 5),
(3, 'Request for product maintenance', 'Pending', '2025-09-09 16:02:00', NULL, '', 2),
(4, 'Customer reported device overheating', 'Approved', '2025-09-19 10:03:00', '2025-09-26 10:03:00', '', 10),
(5, 'General inspection request', 'Approved', '2025-09-14 08:56:00', '2025-09-19 08:56:00', '', 4),
(6, 'Battery draining too fast', 'Pending', '2025-10-02 14:15:00', NULL, '', 8),
(7, 'Request firmware update', 'Approved', '2025-09-04 09:50:00', '2025-09-08 09:50:00', 'Awaiting customer response', 9),
(8, 'Customer reported device overheating', 'Processing', '2025-09-26 09:13:00', NULL, 'Awaiting customer response', 10),
(9, 'Customer reported device overheating', 'Finished', '2025-10-26 08:53:00', '2025-11-04 08:53:00', 'Under review', 2),
(10, 'System not booting', 'Finished', '2025-10-20 08:47:00', '2025-10-23 08:47:00', '', 8),
(11, 'Request for product maintenance', 'Processing', '2025-09-17 15:21:00', NULL, 'Handled by technician', 10),
(12, 'Connectivity issue with WiFi', 'Rejected', '2025-10-03 12:11:00', '2025-10-10 12:11:00', '', 11),
(13, 'Complaint about product performance', 'Rejected', '2025-10-06 12:49:00', '2025-10-11 12:49:00', 'Under review', 7),
(14, 'No sound from speaker', 'Finished', '2025-10-11 09:09:00', '2025-10-16 09:09:00', 'Awaiting customer response', 3),
(15, 'Request firmware update', 'Processing', '2025-10-09 15:03:00', NULL, 'Handled by technician', 8);

-- AccountRequest (who interacted with request)
INSERT INTO AccountRequest (AccountRequestID, Username, RequestID) VALUES
(1, 'cust4', 1),
(2, 'support1', 1),
(3, 'staff8', 1),
(4, 'cust11', 2),
(5, 'support1', 2),
(6, 'staff8', 2),
(7, 'cust4', 3),
(8, 'support2', 3),
(9, 'staff9', 3),
(10, 'cust4', 4),
(11, 'support2', 4),
(12, 'staff2', 4),
(13, 'cust11', 5),
(14, 'support1', 5),
(15, 'staff10', 5),
(16, 'cust3', 6),
(17, 'support3', 6),
(18, 'staff5', 6),
(19, 'cust2', 7),
(20, 'support3', 7),
(21, 'staff8', 7),
(22, 'cust4', 8),
(23, 'support2', 8),
(24, 'staff1', 8),
(25, 'cust4', 9),
(26, 'support3', 9),
(27, 'staff5', 9),
(28, 'cust3', 10),
(29, 'support3', 10),
(30, 'staff1', 10),
(31, 'cust4', 11),
(32, 'support1', 11),
(33, 'staff5', 11),
(34, 'cust10', 12),
(35, 'support3', 12),
(36, 'staff6', 12),
(37, 'cust12', 13),
(38, 'support3', 13),
(39, 'staff3', 13),
(40, 'cust6', 14),
(41, 'support1', 14),
(42, 'staff6', 14),
(43, 'cust3', 15),
(44, 'support1', 15),
(45, 'staff9', 15);

-- End of transaction test data.
