    USE crm;

    -- Test data INSERTs generated by ChatGPT
    -- Compatible with MySQL


    -- Accounts (users)
    INSERT IGNORE INTO Account (Username, PasswordHash, AccountStatus, RoleID) VALUES
    ('admin', 'ef797c8118f02dfb649607dd5d3f8c7623048c9c063d532cc95c5ed7a898a64f', 'Active', 1),
    ('wmgr1', 'ef797c8118f02dfb649607dd5d3f8c7623048c9c063d532cc95c5ed7a898a64f', 'Active', 4),
    ('wmgr2', 'ef797c8118f02dfb649607dd5d3f8c7623048c9c063d532cc95c5ed7a898a64f', 'Active', 4),
    ('wmgr3', 'ef797c8118f02dfb649607dd5d3f8c7623048c9c063d532cc95c5ed7a898a64f', 'Active', 4),
    ('wmgr4', 'ef797c8118f02dfb649607dd5d3f8c7623048c9c063d532cc95c5ed7a898a64f', 'Active', 4),
    ('wmgr5', 'ef797c8118f02dfb649607dd5d3f8c7623048c9c063d532cc95c5ed7a898a64f', 'Active', 4),
    ('wmgr6', 'ef797c8118f02dfb649607dd5d3f8c7623048c9c063d532cc95c5ed7a898a64f', 'Active', 4),
    ('techLead', 'ef797c8118f02dfb649607dd5d3f8c7623048c9c063d532cc95c5ed7a898a64f', 'Active', 5),
    ('staff1', 'ef797c8118f02dfb649607dd5d3f8c7623048c9c063d532cc95c5ed7a898a64f', 'Active', 6),
    ('staff2', 'ef797c8118f02dfb649607dd5d3f8c7623048c9c063d532cc95c5ed7a898a64f', 'Active', 6),
    ('staff3', 'ef797c8118f02dfb649607dd5d3f8c7623048c9c063d532cc95c5ed7a898a64f', 'Active', 6),
    ('staff4', 'ef797c8118f02dfb649607dd5d3f8c7623048c9c063d532cc95c5ed7a898a64f', 'Active', 6),
    ('staff5', 'ef797c8118f02dfb649607dd5d3f8c7623048c9c063d532cc95c5ed7a898a64f', 'Active', 6),
    ('staff6', 'ef797c8118f02dfb649607dd5d3f8c7623048c9c063d532cc95c5ed7a898a64f', 'Active', 6),
    ('staff7', 'ef797c8118f02dfb649607dd5d3f8c7623048c9c063d532cc95c5ed7a898a64f', 'Active', 6),
    ('staff8', 'ef797c8118f02dfb649607dd5d3f8c7623048c9c063d532cc95c5ed7a898a64f', 'Active', 6),
    ('staff9', 'ef797c8118f02dfb649607dd5d3f8c7623048c9c063d532cc95c5ed7a898a64f', 'Active', 6),
    ('staff10', 'ef797c8118f02dfb649607dd5d3f8c7623048c9c063d532cc95c5ed7a898a64f', 'Active', 6),
    ('cust1', 'ef797c8118f02dfb649607dd5d3f8c7623048c9c063d532cc95c5ed7a898a64f', 'Active', 2),
    ('cust2', 'ef797c8118f02dfb649607dd5d3f8c7623048c9c063d532cc95c5ed7a898a64f', 'Active', 2),
    ('cust3', 'ef797c8118f02dfb649607dd5d3f8c7623048c9c063d532cc95c5ed7a898a64f', 'Active', 2),
    ('cust4', 'ef797c8118f02dfb649607dd5d3f8c7623048c9c063d532cc95c5ed7a898a64f', 'Active', 2),
    ('cust5', 'ef797c8118f02dfb649607dd5d3f8c7623048c9c063d532cc95c5ed7a898a64f', 'Active', 2),
    ('cust6', 'ef797c8118f02dfb649607dd5d3f8c7623048c9c063d532cc95c5ed7a898a64f', 'Active', 2),
    ('cust7', 'ef797c8118f02dfb649607dd5d3f8c7623048c9c063d532cc95c5ed7a898a64f', 'Active', 2),
    ('cust8', 'ef797c8118f02dfb649607dd5d3f8c7623048c9c063d532cc95c5ed7a898a64f', 'Active', 2),
    ('cust9', 'ef797c8118f02dfb649607dd5d3f8c7623048c9c063d532cc95c5ed7a898a64f', 'Active', 2),
    ('cust10', 'ef797c8118f02dfb649607dd5d3f8c7623048c9c063d532cc95c5ed7a898a64f', 'Active', 2),
    ('cust11', 'ef797c8118f02dfb649607dd5d3f8c7623048c9c063d532cc95c5ed7a898a64f', 'Active', 2),
    ('cust12', 'ef797c8118f02dfb649607dd5d3f8c7623048c9c063d532cc95c5ed7a898a64f', 'Active', 2),
    ('user1', 'ef797c8118f02dfb649607dd5d3f8c7623048c9c063d532cc95c5ed7a898a64f', 'Active', 2),
    ('user2', 'ef797c8118f02dfb649607dd5d3f8c7623048c9c063d532cc95c5ed7a898a64f', 'Active', 2),
    ('user3', 'ef797c8118f02dfb649607dd5d3f8c7623048c9c063d532cc95c5ed7a898a64f', 'Active', 2),
    ('user4', 'ef797c8118f02dfb649607dd5d3f8c7623048c9c063d532cc95c5ed7a898a64f', 'Active', 2),
    ('user5', 'ef797c8118f02dfb649607dd5d3f8c7623048c9c063d532cc95c5ed7a898a64f', 'Active', 2),
    ('user6', 'ef797c8118f02dfb649607dd5d3f8c7623048c9c063d532cc95c5ed7a898a64f', 'Active', 2),
    ('user7', 'ef797c8118f02dfb649607dd5d3f8c7623048c9c063d532cc95c5ed7a898a64f', 'Active', 2),
    ('user8', 'ef797c8118f02dfb649607dd5d3f8c7623048c9c063d532cc95c5ed7a898a64f', 'Active', 2),
    ('user9', 'ef797c8118f02dfb649607dd5d3f8c7623048c9c063d532cc95c5ed7a898a64f', 'Active', 2),
    ('user10', 'ef797c8118f02dfb649607dd5d3f8c7623048c9c063d532cc95c5ed7a898a64f', 'Active', 2),
    ('user11', 'ef797c8118f02dfb649607dd5d3f8c7623048c9c063d532cc95c5ed7a898a64f', 'Active', 2),
    ('supporter1', 'ef797c8118f02dfb649607dd5d3f8c7623048c9c063d532cc95c5ed7a898a64f', 'Active', 3),
    ('supporter2', 'ef797c8118f02dfb649607dd5d3f8c7623048c9c063d532cc95c5ed7a898a64f', 'Active', 3),
    ('supporter3', 'ef797c8118f02dfb649607dd5d3f8c7623048c9c063d532cc95c5ed7a898a64f', 'Active', 3),
    ('InventoryManager1','ef797c8118f02dfb649607dd5d3f8c7623048c9c063d532cc95c5ed7a898a64f', 'Active', 7);

    -- Staff
    INSERT INTO Staff (StaffID, StaffName, Phone, Address, Email, Image, DateOfBirth, Username) VALUES
    (1, 'Nguyễn Văn Hùng', '09001001', '123 Đường Lê Lợi, Quận 1, TP.HCM', 'staff1@example.com', '/images/staff1.jpg', '1990-02-02', 'staff1'),
    (2, 'Trần Thị Lan', '09001002', '456 Đường Trần Hưng Đạo, Quận 5, TP.HCM', 'staff2@example.com', '/images/staff2.jpg', '1990-03-03', 'staff2'),
    (3, 'Lê Minh Tuấn', '09001003', '789 Đường Nguyễn Huệ, Quận 1, TP.HCM', 'staff3@example.com', '/images/staff3.jpg', '1990-04-04', 'staff3'),
    (4, 'Phạm Thị Mai', '09001004', '321 Đường Võ Văn Tần, Quận 3, TP.HCM', 'staff4@example.com', '/images/staff4.jpg', '1990-05-05', 'staff4'),
    (5, 'Hoàng Văn Nam', '09001005', '654 Đường Cách Mạng Tháng 8, Quận 10, TP.HCM', 'staff5@example.com', '/images/staff5.jpg', '1990-06-06', 'staff5'),
    (6, 'Vũ Thị Hoa', '09001006', '987 Đường Lý Thường Kiệt, Quận 11, TP.HCM', 'staff6@example.com', '/images/staff6.jpg', '1990-07-07', 'staff6'),
    (7, 'Đặng Minh Khoa', '09001007', '147 Đường Hai Bà Trưng, Quận 3, TP.HCM', 'staff7@example.com', '/images/staff7.jpg', '1990-08-08', 'staff7'),
    (8, 'Bùi Thị Thanh', '09001008', '258 Đường Điện Biên Phủ, Quận Bình Thạnh, TP.HCM', 'staff8@example.com', '/images/staff8.jpg', '1990-09-09', 'staff8'),
    (9, 'Ngô Văn Long', '09001009', '369 Đường Phan Xích Long, Quận Phú Nhuận, TP.HCM', 'staff9@example.com', '/images/staff9.jpg', '1990-10-10', 'staff9'),
    (10, 'Dương Thị Ngọc', '09001010', '741 Đường Pasteur, Quận 1, TP.HCM', 'staff10@example.com', '/images/staff10.jpg', '1990-11-11', 'staff10'),
    (11, 'Trương Văn Đức', '09002011', '15 Đường Kho Vận, Khu Công Nghiệp Tân Bình, TP.HCM', 'wmgr1@example.com', '/images/wmgr1.jpg', '1985-01-01', 'wmgr1'),
    (12, 'Phan Thị Hương', '09002012', '28 Đường Kho Vận, Khu Công Nghiệp Thủ Đức, TP.HCM', 'wmgr2@example.com', '/images/wmgr2.jpg', '1985-02-02', 'wmgr2'),
    (13, 'Võ Minh Quân', '09002013', '42 Đường Kho Vận, Khu Công Nghiệp Bình Chánh, TP.HCM', 'wmgr3@example.com', '/images/wmgr3.jpg', '1985-03-03', 'wmgr3'),
    (14, 'Lý Thị Bích', '09002014', '56 Đường Kho Vận, Khu Công Nghiệp Hiệp Phước, TP.HCM', 'wmgr4@example.com', '/images/wmgr4.jpg', '1985-04-04', 'wmgr4'),
    (15, 'Đinh Văn Tài', '09002015', '73 Đường Kho Vận, Khu Công Nghiệp Vĩnh Lộc, TP.HCM', 'wmgr5@example.com', '/images/wmgr5.jpg', '1985-05-05', 'wmgr5'),
    (16, 'Mai Thị Kim', '09002016', '89 Đường Kho Vận, Khu Công Nghiệp Tân Tạo, TP.HCM', 'wmgr6@example.com', '/images/wmgr6.jpg', '1985-06-06', 'wmgr6'),
    (17, 'Hồ Minh Tâm', '09003001', '101 Đường Công Nghệ, Khu Công Nghệ Cao, Quận 9, TP.HCM', 'techlead@example.com', '/images/techLead.jpg', '1980-07-07', 'techLead'),
    (18, 'Cao Thị Linh', '09004001', '12 Đường Hỗ Trợ Khách Hàng, Quận 7, TP.HCM', 'supporter1@example.com', '/images/supporter1.jpg', '1992-01-01', 'supporter1'),
    (19, 'Lưu Văn Phúc', '09004002', '24 Đường Hỗ Trợ Khách Hàng, Quận 2, TP.HCM', 'supporter2@example.com', '/images/supporter2.jpg', '1992-02-02', 'supporter2'),
    (20, 'Đỗ Thị An', '09004003', '36 Đường Hỗ Trợ Khách Hàng, Quận 4, TP.HCM', 'supporter3@example.com', '/images/supporter3.jpg', '1992-03-03', 'supporter3');

    -- Customers
INSERT INTO Customer (CustomerID, CustomerName, Address, Phone, Email, Username) VALUES
    (1, 'Nguyễn Thị Hồng', '45 Đường Lê Văn Sỹ, Quận 3, TP.HCM', '0901234001', 'cust1@example.com', 'cust1'),
    (2, 'Trần Văn Minh', '78 Đường Nguyễn Đình Chiểu, Quận 1, TP.HCM', '0901234002', 'cust2@example.com', 'cust2'),
    (3, 'Lê Thị Thanh', '123 Đường Hoàng Văn Thụ, Quận Phú Nhuận, TP.HCM', '0901234003', 'cust3@example.com', 'cust3'),
    (4, 'Phạm Văn Tùng', '56 Đường Phan Đăng Lưu, Quận Bình Thạnh, TP.HCM', '0901234004', 'cust4@example.com', 'cust4'),
    (5, 'Hoàng Thị Liên', '89 Đường Võ Thị Sáu, Quận 3, TP.HCM', '0901234005', 'cust5@example.com', 'cust5'),
    (6, 'Vũ Văn Hải', '234 Đường Trường Chinh, Quận Tân Bình, TP.HCM', '0901234006', 'cust6@example.com', 'cust6'),
    (7, 'Đặng Thị Phương', '167 Đường Nguyễn Thị Minh Khai, Quận 1, TP.HCM', '0901234007', 'cust7@example.com', 'cust7'),
    (8, 'Bùi Văn Khải', '345 Đường Lý Tự Trọng, Quận 1, TP.HCM', '0901234008', 'cust8@example.com', 'cust8'),
    (9, 'Ngô Thị Mai', '456 Đường Nam Kỳ Khởi Nghĩa, Quận 3, TP.HCM', '0901234009', 'cust9@example.com', 'cust9'),
    (10, 'Dương Văn Thắng', '678 Đường Cộng Hòa, Quận Tân Bình, TP.HCM', '0901234010', 'cust10@example.com', 'cust10'),
    (11, 'Trương Thị Nga', '789 Đường Ba Tháng Hai, Quận 10, TP.HCM', '0901234011', 'cust11@example.com', 'cust11'),
    (12, 'Phan Văn Đạt', '321 Đường Tô Hiến Thành, Quận 10, TP.HCM', '0901234012', 'cust12@example.com', 'cust12'),
    (13, 'Võ Thị Xuân', '159 Đường Đinh Tiên Hoàng, Quận 1, TP.HCM', '0901234013', 'user1@example.com', 'user1'),
    (14, 'Lý Văn Quốc', '753 Đường Nguyễn Trãi, Quận 5, TP.HCM', '0901234014', 'user2@example.com', 'user2'),
    (15, 'Đinh Thị Tuyết', '951 Đường Lạc Long Quân, Quận 11, TP.HCM', '0901234015', 'user3@example.com', 'user3'),
    (16, 'Mai Văn Sơn', '357 Đường Âu Cơ, Quận Tân Phú, TP.HCM', '0901234016', 'user4@example.com', 'user4'),
    (17, 'Hồ Thị Diễm', '246 Đường Xô Viết Nghệ Tĩnh, Quận Bình Thạnh, TP.HCM', '0901234017', 'user5@example.com', 'user5'),
    (18, 'Cao Văn Bình', '468 Đường Phan Văn Trị, Quận Gò Vấp, TP.HCM', '0901234018', 'user6@example.com', 'user6'),
    (19, 'Lưu Thị Hương', '582 Đường Quang Trung, Quận Gò Vấp, TP.HCM', '0901234019', 'user7@example.com', 'user7'),
    (20, 'Đỗ Văn Phong', '714 Đường Hoàng Hoa Thám, Quận Tân Bình, TP.HCM', '0901234020', 'user8@example.com', 'user8'),
    (21, 'Trịnh Thị Lan', '826 Đường Nguyễn Văn Cừ, Quận 5, TP.HCM', '0901234021', 'user9@example.com', 'user9'),
    (22, 'Tô Văn Hùng', '938 Đường Kinh Dương Vương, Quận 6, TP.HCM', '0901234022', 'user10@example.com', 'user10'),
    (23, 'Lâm Thị Thu', '147 Đường Phạm Văn Đồng, Quận Thủ Đức, TP.HCM', '0901234023', 'user11@example.com', 'user11');

    -- Product Types (categories)
INSERT INTO Type (TypeID, TypeName, TypeImage) VALUES
    (1, 'CPU', '/images/type1.jpg'),
    (2, 'Mainboard', '/images/type2.jpg'),
    (3, 'RAM', '/images/type3.jpg'),
    (4, 'VGA', '/images/type4.jpg'),
    (5, 'Storage', '/images/type5.jpg'),
    (6, 'PSU', '/images/type6.jpg');

    -- Specification Types
INSERT INTO SpecificationType (SpecificationTypeID, SpecificationTypeName, TypeID) VALUES
    (1, 'Socket', 1),
    (2, 'Core Count', 1),
    (3, 'Base Clock', 1),
    (4, 'Boost Clock', 1),
    (5, 'TDP', 1),
    (6, 'Chipset', 2),
    (7, 'Socket', 2),
    (8, 'Form Factor', 2),
    (9, 'Memory Slots', 2),
    (10, 'Max Memory', 2),
    (11, 'Capacity', 3),
    (12, 'Bus Speed', 3),
    (13, 'Type', 3),
    (14, 'Latency', 3),
    (15, 'Chipset', 4),
    (16, 'Memory Size', 4),
    (17, 'Core Clock', 4),
    (18, 'Memory Type', 4),
    (19, 'TDP', 4),
    (20, 'Capacity', 5),
    (21, 'Type', 5),
    (22, 'Read Speed', 5),
    (23, 'Write Speed', 5),
    (24, 'Interface', 5),
    (25, 'Wattage', 6),
    (26, 'Efficiency Rating', 6),
    (27, 'Modular', 6),
    (28, 'Form Factor', 6),
    (29, 'Connectors', 6);

    -- Products (30 realistic products)
INSERT INTO Product (ProductID, ProductName, ProductImage, ProductDescription, TypeID) VALUES
    -- CPU Products (TypeID = 1)
    (1, 'Intel Core i9-14900K', '/images/products/intel_i9_14900k.jpg', '24 cores, 32 threads, LGA1700 socket', 1),
    (2, 'Intel Core i7-14700K', '/images/products/intel_i7_14700k.jpg', '20 cores, 28 threads, unlocked multiplier', 1),
    (3, 'Intel Core i5-14600K', '/images/products/intel_i5_14600k.jpg', '14 cores, 20 threads, great for gaming', 1),
    (4, 'AMD Ryzen 9 7950X', '/images/products/amd_r9_7950x.jpg', '16 cores, 32 threads, AM5 socket', 1),
    (5, 'AMD Ryzen 7 7800X3D', '/images/products/amd_r7_7800x3d.jpg', '8 cores, 3D V-Cache, gaming beast', 1),
    (6, 'AMD Ryzen 5 7600X', '/images/products/amd_r5_7600x.jpg', '6 cores, 12 threads, efficient performance', 1),
    
    -- Mainboard Products (TypeID = 2)
    (7, 'ASUS ROG Maximus Z790 Hero', '/images/products/asus_z790_hero.jpg', 'ATX, Intel Z790, DDR5, PCIe 5.0', 2),
    (8, 'MSI MPG B760 Gaming Plus WiFi', '/images/products/msi_b760_gaming.jpg', 'ATX, Intel B760, DDR5, WiFi 6E', 2),
    (9, 'Gigabyte B650 AORUS Elite AX', '/images/products/gigabyte_b650_elite.jpg', 'ATX, AMD B650, DDR5, WiFi', 2),
    (10, 'ASRock X670E Taichi', '/images/products/asrock_x670e_taichi.jpg', 'ATX, AMD X670E, PCIe 5.0', 2),
    (11, 'ASUS TUF Gaming B650-Plus', '/images/products/asus_b650_tuf.jpg', 'ATX, AMD B650, military-grade components', 2),
    
    -- RAM Products (TypeID = 3)
    (12, 'Corsair Vengeance DDR5 32GB', '/images/products/corsair_ddr5_32gb.jpg', '32GB (2x16GB), 6000MHz, CL30', 3),
    (13, 'G.Skill Trident Z5 RGB 32GB', '/images/products/gskill_z5_32gb.jpg', '32GB (2x16GB), 6400MHz, RGB', 3),
    (14, 'Kingston Fury Beast 16GB DDR5', '/images/products/kingston_fury_16gb.jpg', '16GB (2x8GB), 5200MHz, black heatsink', 3),
    (15, 'Corsair Dominator Platinum 64GB', '/images/products/corsair_dom_64gb.jpg', '64GB (2x32GB), 6000MHz, premium', 3),
    (16, 'G.Skill Ripjaws S5 16GB', '/images/products/gskill_ripjaws_16gb.jpg', '16GB (2x8GB), 5600MHz, budget-friendly', 3),
    
    -- VGA Products (TypeID = 4)
    (17, 'NVIDIA GeForce RTX 4090', '/images/products/rtx_4090.jpg', '24GB GDDR6X, flagship performance', 4),
    (18, 'NVIDIA GeForce RTX 4080 Super', '/images/products/rtx_4080_super.jpg', '16GB GDDR6X, 4K gaming', 4),
    (19, 'NVIDIA GeForce RTX 4070 Ti', '/images/products/rtx_4070ti.jpg', '12GB GDDR6X, high performance', 4),
    (20, 'AMD Radeon RX 7900 XTX', '/images/products/rx_7900xtx.jpg', '24GB GDDR6, RDNA 3 architecture', 4),
    (21, 'AMD Radeon RX 7800 XT', '/images/products/rx_7800xt.jpg', '16GB GDDR6, 1440p gaming champion', 4),
    (22, 'NVIDIA GeForce RTX 4060 Ti', '/images/products/rtx_4060ti.jpg', '8GB GDDR6, mainstream gaming', 4),
    
    -- Storage Products (TypeID = 5)
    (23, 'Samsung 990 Pro 2TB NVMe', '/images/products/samsung_990pro_2tb.jpg', '2TB, PCIe 4.0, 7450MB/s read', 5),
    (24, 'WD Black SN850X 1TB NVMe', '/images/products/wd_sn850x_1tb.jpg', '1TB, PCIe 4.0, gaming optimized', 5),
    (25, 'Crucial P5 Plus 500GB NVMe', '/images/products/crucial_p5_500gb.jpg', '500GB, PCIe 4.0, affordable', 5),
    (26, 'Kingston KC3000 1TB NVMe', '/images/products/kingston_kc3000_1tb.jpg', '1TB, PCIe 4.0, 7000MB/s', 5),
    
    -- PSU Products (TypeID = 6)
    (27, 'Corsair RM850x 850W', '/images/products/corsair_rm850x.jpg', '850W, 80+ Gold, fully modular', 6),
    (28, 'Seasonic Focus GX-750 750W', '/images/products/seasonic_gx750.jpg', '750W, 80+ Gold, reliable', 6),
    (29, 'EVGA SuperNOVA 1000 G6', '/images/products/evga_1000g6.jpg', '1000W, 80+ Gold, high wattage', 6),
    (30, 'Thermaltake Toughpower GF1 650W', '/images/products/thermaltake_gf1_650.jpg', '650W, 80+ Gold, compact design', 6);

    -- Specifications and ProductSpecifications (2 specs per product)
    INSERT INTO Specification (SpecificationID, SpecificationName, SpecificationValue, SpecificationTypeID) VALUES
    -- Product 1: Intel Core i9-14900K (CPU)
    (1, 'Socket', 'LGA1700', 1),
    (2, 'Core Count', '24 cores', 2),
    (3, 'Base Clock', '3.0 GHz', 3),
    (4, 'Boost Clock', '6.0 GHz', 4),
    (5, 'TDP', '125W', 5),
    
    -- Product 2: Intel Core i7-14700K (CPU)
    (6, 'Socket', 'LGA1700', 1),
    (7, 'Core Count', '20 cores', 2),
    (8, 'Base Clock', '3.4 GHz', 3),
    (9, 'Boost Clock', '5.6 GHz', 4),
    (10, 'TDP', '125W', 5),
    
    -- Product 3: Intel Core i5-14600K (CPU)
    (11, 'Socket', 'LGA1700', 1),
    (12, 'Core Count', '14 cores', 2),
    (13, 'Base Clock', '3.5 GHz', 3),
    (14, 'Boost Clock', '5.3 GHz', 4),
    (15, 'TDP', '125W', 5),
    
    -- Product 4: AMD Ryzen 9 7950X (CPU)
    (16, 'Socket', 'AM5', 1),
    (17, 'Core Count', '16 cores', 2),
    (18, 'Base Clock', '4.5 GHz', 3),
    (19, 'Boost Clock', '5.7 GHz', 4),
    (20, 'TDP', '170W', 5),
    
    -- Product 5: AMD Ryzen 7 7800X3D (CPU)
    (21, 'Socket', 'AM5', 1),
    (22, 'Core Count', '8 cores', 2),
    (23, 'Base Clock', '4.2 GHz', 3),
    (24, 'Boost Clock', '5.0 GHz', 4),
    (25, 'TDP', '120W', 5),
    
    -- Product 6: AMD Ryzen 5 7600X (CPU)
    (26, 'Socket', 'AM5', 1),
    (27, 'Core Count', '6 cores', 2),
    (28, 'Base Clock', '4.7 GHz', 3),
    (29, 'Boost Clock', '5.3 GHz', 4),
    (30, 'TDP', '105W', 5),
    
    -- Product 7: ASUS ROG Maximus Z790 Hero (Mainboard)
    (31, 'Chipset', 'Intel Z790', 6),
    (32, 'Socket', 'LGA1700', 7),
    (33, 'Form Factor', 'ATX', 8),
    (34, 'Memory Slots', '4 DIMM', 9),
    (35, 'Max Memory', '128GB DDR5', 10),
    
    -- Product 8: MSI MPG B760 Gaming Plus WiFi (Mainboard)
    (36, 'Chipset', 'Intel B760', 6),
    (37, 'Socket', 'LGA1700', 7),
    (38, 'Form Factor', 'ATX', 8),
    (39, 'Memory Slots', '4 DIMM', 9),
    (40, 'Max Memory', '128GB DDR5', 10),
    
    -- Product 9: Gigabyte B650 AORUS Elite AX (Mainboard)
    (41, 'Chipset', 'AMD B650', 6),
    (42, 'Socket', 'AM5', 7),
    (43, 'Form Factor', 'ATX', 8),
    (44, 'Memory Slots', '4 DIMM', 9),
    (45, 'Max Memory', '128GB DDR5', 10),
    
    -- Product 10: ASRock X670E Taichi (Mainboard)
    (46, 'Chipset', 'AMD X670E', 6),
    (47, 'Socket', 'AM5', 7),
    (48, 'Form Factor', 'ATX', 8),
    (49, 'Memory Slots', '4 DIMM', 9),
    (50, 'Max Memory', '128GB DDR5', 10),
    
    -- Product 11: ASUS TUF Gaming B650-Plus (Mainboard)
    (51, 'Chipset', 'AMD B650', 6),
    (52, 'Socket', 'AM5', 7),
    (53, 'Form Factor', 'ATX', 8),
    (54, 'Memory Slots', '4 DIMM', 9),
    (55, 'Max Memory', '128GB DDR5', 10),
    
    -- Product 12: Corsair Vengeance DDR5 32GB (RAM)
    (56, 'Capacity', '32GB', 11),
    (57, 'Bus Speed', '6000MHz', 12),
    (58, 'Type', 'DDR5', 13),
    (59, 'Latency', 'CL30', 14),
    
    -- Product 13: G.Skill Trident Z5 RGB 32GB (RAM)
    (60, 'Capacity', '32GB', 11),
    (61, 'Bus Speed', '6400MHz', 12),
    (62, 'Type', 'DDR5', 13),
    (63, 'Latency', 'CL32', 14),
    
    -- Product 14: Kingston Fury Beast 16GB DDR5 (RAM)
    (64, 'Capacity', '16GB', 11),
    (65, 'Bus Speed', '5200MHz', 12),
    (66, 'Type', 'DDR5', 13),
    (67, 'Latency', 'CL36', 14),
    
    -- Product 15: Corsair Dominator Platinum 64GB (RAM)
    (68, 'Capacity', '64GB', 11),
    (69, 'Bus Speed', '6000MHz', 12),
    (70, 'Type', 'DDR5', 13),
    (71, 'Latency', 'CL30', 14),
    
    -- Product 16: G.Skill Ripjaws S5 16GB (RAM)
    (72, 'Capacity', '16GB', 11),
    (73, 'Bus Speed', '5600MHz', 12),
    (74, 'Type', 'DDR5', 13),
    (75, 'Latency', 'CL28', 14),
    
    -- Product 17: NVIDIA GeForce RTX 4090 (VGA)
    (76, 'Chipset', 'NVIDIA Ada Lovelace', 15),
    (77, 'Memory Size', '24GB', 16),
    (78, 'Core Clock', '2520 MHz', 17),
    (79, 'Memory Type', 'GDDR6X', 18),
    (80, 'TDP', '450W', 19),
    
    -- Product 18: NVIDIA GeForce RTX 4080 Super (VGA)
    (81, 'Chipset', 'NVIDIA Ada Lovelace', 15),
    (82, 'Memory Size', '16GB', 16),
    (83, 'Core Clock', '2550 MHz', 17),
    (84, 'Memory Type', 'GDDR6X', 18),
    (85, 'TDP', '320W', 19),
    
    -- Product 19: NVIDIA GeForce RTX 4070 Ti (VGA)
    (86, 'Chipset', 'NVIDIA Ada Lovelace', 15),
    (87, 'Memory Size', '12GB', 16),
    (88, 'Core Clock', '2610 MHz', 17),
    (89, 'Memory Type', 'GDDR6X', 18),
    (90, 'TDP', '285W', 19),
    
    -- Product 20: AMD Radeon RX 7900 XTX (VGA)
    (91, 'Chipset', 'AMD RDNA 3', 15),
    (92, 'Memory Size', '24GB', 16),
    (93, 'Core Clock', '2500 MHz', 17),
    (94, 'Memory Type', 'GDDR6', 18),
    (95, 'TDP', '355W', 19),
    
    -- Product 21: AMD Radeon RX 7800 XT (VGA)
    (96, 'Chipset', 'AMD RDNA 3', 15),
    (97, 'Memory Size', '16GB', 16),
    (98, 'Core Clock', '2430 MHz', 17),
    (99, 'Memory Type', 'GDDR6', 18),
    (100, 'TDP', '263W', 19),
    
    -- Product 22: NVIDIA GeForce RTX 4060 Ti (VGA)
    (101, 'Chipset', 'NVIDIA Ada Lovelace', 15),
    (102, 'Memory Size', '8GB', 16),
    (103, 'Core Clock', '2535 MHz', 17),
    (104, 'Memory Type', 'GDDR6', 18),
    (105, 'TDP', '160W', 19),
    
    -- Product 23: Samsung 990 Pro 2TB NVMe (Storage)
    (106, 'Capacity', '2TB', 20),
    (107, 'Type', 'NVMe SSD', 21),
    (108, 'Read Speed', '7450 MB/s', 22),
    (109, 'Write Speed', '6900 MB/s', 23),
    (110, 'Interface', 'PCIe 4.0 x4', 24),
    
    -- Product 24: WD Black SN850X 1TB NVMe (Storage)
    (111, 'Capacity', '1TB', 20),
    (112, 'Type', 'NVMe SSD', 21),
    (113, 'Read Speed', '7300 MB/s', 22),
    (114, 'Write Speed', '6300 MB/s', 23),
    (115, 'Interface', 'PCIe 4.0 x4', 24),
    
    -- Product 25: Crucial P5 Plus 500GB NVMe (Storage)
    (116, 'Capacity', '500GB', 20),
    (117, 'Type', 'NVMe SSD', 21),
    (118, 'Read Speed', '6600 MB/s', 22),
    (119, 'Write Speed', '5000 MB/s', 23),
    (120, 'Interface', 'PCIe 4.0 x4', 24),
    
    -- Product 26: Kingston KC3000 1TB NVMe (Storage)
    (121, 'Capacity', '1TB', 20),
    (122, 'Type', 'NVMe SSD', 21),
    (123, 'Read Speed', '7000 MB/s', 22),
    (124, 'Write Speed', '6000 MB/s', 23),
    (125, 'Interface', 'PCIe 4.0 x4', 24),
    
    -- Product 27: Corsair RM850x 850W (PSU)
    (126, 'Wattage', '850W', 25),
    (127, 'Efficiency Rating', '80+ Gold', 26),
    (128, 'Modular', 'Fully Modular', 27),
    (129, 'Form Factor', 'ATX', 28),
    (130, 'Connectors', '6x PCIe', 29),
    
    -- Product 28: Seasonic Focus GX-750 750W (PSU)
    (131, 'Wattage', '750W', 25),
    (132, 'Efficiency Rating', '80+ Gold', 26),
    (133, 'Modular', 'Fully Modular', 27),
    (134, 'Form Factor', 'ATX', 28),
    (135, 'Connectors', '4x PCIe', 29),
    
    -- Product 29: EVGA SuperNOVA 1000 G6 (PSU)
    (136, 'Wattage', '1000W', 25),
    (137, 'Efficiency Rating', '80+ Gold', 26),
    (138, 'Modular', 'Fully Modular', 27),
    (139, 'Form Factor', 'ATX', 28),
    (140, 'Connectors', '8x PCIe', 29),
    
    -- Product 30: Thermaltake Toughpower GF1 650W (PSU)
    (141, 'Wattage', '650W', 25),
    (142, 'Efficiency Rating', '80+ Gold', 26),
    (143, 'Modular', 'Fully Modular', 27),
    (144, 'Form Factor', 'ATX', 28),
    (145, 'Connectors', '4x PCIe', 29);

-- Product Specification
    INSERT INTO ProductSpecification (ProductSpecificationID, ProductID, SpecificationID) VALUES
    -- Product 1: Intel Core i9-14900K (5 specs)
    (1, 1, 1),
    (2, 1, 2),
    (3, 1, 3),
    (4, 1, 4),
    (5, 1, 5),
    
    -- Product 2: Intel Core i7-14700K (5 specs)
    (6, 2, 6),
    (7, 2, 7),
    (8, 2, 8),
    (9, 2, 9),
    (10, 2, 10),
    
    -- Product 3: Intel Core i5-14600K (5 specs)
    (11, 3, 11),
    (12, 3, 12),
    (13, 3, 13),
    (14, 3, 14),
    (15, 3, 15),
    
    -- Product 4: AMD Ryzen 9 7950X (5 specs)
    (16, 4, 16),
    (17, 4, 17),
    (18, 4, 18),
    (19, 4, 19),
    (20, 4, 20),
    
    -- Product 5: AMD Ryzen 7 7800X3D (5 specs)
    (21, 5, 21),
    (22, 5, 22),
    (23, 5, 23),
    (24, 5, 24),
    (25, 5, 25),
    
    -- Product 6: AMD Ryzen 5 7600X (5 specs)
    (26, 6, 26),
    (27, 6, 27),
    (28, 6, 28),
    (29, 6, 29),
    (30, 6, 30),
    
    -- Product 7: ASUS ROG Maximus Z790 Hero (5 specs)
    (31, 7, 31),
    (32, 7, 32),
    (33, 7, 33),
    (34, 7, 34),
    (35, 7, 35),
    
    -- Product 8: MSI MPG B760 Gaming Plus WiFi (5 specs)
    (36, 8, 36),
    (37, 8, 37),
    (38, 8, 38),
    (39, 8, 39),
    (40, 8, 40),
    
    -- Product 9: Gigabyte B650 AORUS Elite AX (5 specs)
    (41, 9, 41),
    (42, 9, 42),
    (43, 9, 43),
    (44, 9, 44),
    (45, 9, 45),
    
    -- Product 10: ASRock X670E Taichi (5 specs)
    (46, 10, 46),
    (47, 10, 47),
    (48, 10, 48),
    (49, 10, 49),
    (50, 10, 50),
    
    -- Product 11: ASUS TUF Gaming B650-Plus (5 specs)
    (51, 11, 51),
    (52, 11, 52),
    (53, 11, 53),
    (54, 11, 54),
    (55, 11, 55),
    
    -- Product 12: Corsair Vengeance DDR5 32GB (4 specs)
    (56, 12, 56),
    (57, 12, 57),
    (58, 12, 58),
    (59, 12, 59),
    
    -- Product 13: G.Skill Trident Z5 RGB 32GB (4 specs)
    (60, 13, 60),
    (61, 13, 61),
    (62, 13, 62),
    (63, 13, 63),
    
    -- Product 14: Kingston Fury Beast 16GB DDR5 (4 specs)
    (64, 14, 64),
    (65, 14, 65),
    (66, 14, 66),
    (67, 14, 67),
    
    -- Product 15: Corsair Dominator Platinum 64GB (4 specs)
    (68, 15, 68),
    (69, 15, 69),
    (70, 15, 70),
    (71, 15, 71),
    
    -- Product 16: G.Skill Ripjaws S5 16GB (4 specs)
    (72, 16, 72),
    (73, 16, 73),
    (74, 16, 74),
    (75, 16, 75),
    
    -- Product 17: NVIDIA GeForce RTX 4090 (5 specs)
    (76, 17, 76),
    (77, 17, 77),
    (78, 17, 78),
    (79, 17, 79),
    (80, 17, 80),
    
    -- Product 18: NVIDIA GeForce RTX 4080 Super (5 specs)
    (81, 18, 81),
    (82, 18, 82),
    (83, 18, 83),
    (84, 18, 84),
    (85, 18, 85),
    
    -- Product 19: NVIDIA GeForce RTX 4070 Ti (5 specs)
    (86, 19, 86),
    (87, 19, 87),
    (88, 19, 88),
    (89, 19, 89),
    (90, 19, 90),
    
    -- Product 20: AMD Radeon RX 7900 XTX (5 specs)
    (91, 20, 91),
    (92, 20, 92),
    (93, 20, 93),
    (94, 20, 94),
    (95, 20, 95),
    
    -- Product 21: AMD Radeon RX 7800 XT (5 specs)
    (96, 21, 96),
    (97, 21, 97),
    (98, 21, 98),
    (99, 21, 99),
    (100, 21, 100),
    
    -- Product 22: NVIDIA GeForce RTX 4060 Ti (5 specs)
    (101, 22, 101),
    (102, 22, 102),
    (103, 22, 103),
    (104, 22, 104),
    (105, 22, 105),
    
    -- Product 23: Samsung 990 Pro 2TB NVMe (5 specs)
    (106, 23, 106),
    (107, 23, 107),
    (108, 23, 108),
    (109, 23, 109),
    (110, 23, 110),
    
    -- Product 24: WD Black SN850X 1TB NVMe (5 specs)
    (111, 24, 111),
    (112, 24, 112),
    (113, 24, 113),
    (114, 24, 114),
    (115, 24, 115),
    
    -- Product 25: Crucial P5 Plus 500GB NVMe (5 specs)
    (116, 25, 116),
    (117, 25, 117),
    (118, 25, 118),
    (119, 25, 119),
    (120, 25, 120),
    
    -- Product 26: Kingston KC3000 1TB NVMe (5 specs)
    (121, 26, 121),
    (122, 26, 122),
    (123, 26, 123),
    (124, 26, 124),
    (125, 26, 125),
    
    -- Product 27: Corsair RM850x 850W (5 specs)
    (126, 27, 126),
    (127, 27, 127),
    (128, 27, 128),
    (129, 27, 129),
    (130, 27, 130),
    
    -- Product 28: Seasonic Focus GX-750 750W (5 specs)
    (131, 28, 131),
    (132, 28, 132),
    (133, 28, 133),
    (134, 28, 134),
    (135, 28, 135),
    
    -- Product 29: EVGA SuperNOVA 1000 G6 (5 specs)
    (136, 29, 136),
    (137, 29, 137),
    (138, 29, 138),
    (139, 29, 139),
    (140, 29, 140),
    
    -- Product 30: Thermaltake Toughpower GF1 650W (5 specs)
    (141, 30, 141),
    (142, 30, 142),
    (143, 30, 143),
    (144, 30, 144),
    (145, 30, 145);

-- Inventory Item --------------------------------------------------------
 INSERT INTO InventoryItem (ItemID, SerialNumber, ProductID) VALUES
    -- Product 1: Intel Core i9-14900K (15 items)
    (1, 'SN0000000001', 1),
    (2, 'SN0000000002', 1),
    (3, 'SN0000000003', 1),
    (4, 'SN0000000004', 1),
    (5, 'SN0000000005', 1),
    (6, 'SN0000000006', 1),
    (7, 'SN0000000007', 1),
    (8, 'SN0000000008', 1),
    (9, 'SN0000000009', 1),
    (10, 'SN0000000010', 1),
    (11, 'SN0000000011', 1),
    (12, 'SN0000000012', 1),
    (13, 'SN0000000013', 1),
    (14, 'SN0000000014', 1),
    (15, 'SN0000000015', 1),
    
    -- Product 2: Intel Core i7-14700K (15 items)
    (16, 'SN0000000016', 2),
    (17, 'SN0000000017', 2),
    (18, 'SN0000000018', 2),
    (19, 'SN0000000019', 2),
    (20, 'SN0000000020', 2),
    (21, 'SN0000000021', 2),
    (22, 'SN0000000022', 2),
    (23, 'SN0000000023', 2),
    (24, 'SN0000000024', 2),
    (25, 'SN0000000025', 2),
    (26, 'SN0000000026', 2),
    (27, 'SN0000000027', 2),
    (28, 'SN0000000028', 2),
    (29, 'SN0000000029', 2),
    (30, 'SN0000000030', 2),
    
    -- Product 3: Intel Core i5-14600K (15 items)
    (31, 'SN0000000031', 3),
    (32, 'SN0000000032', 3),
    (33, 'SN0000000033', 3),
    (34, 'SN0000000034', 3),
    (35, 'SN0000000035', 3),
    (36, 'SN0000000036', 3),
    (37, 'SN0000000037', 3),
    (38, 'SN0000000038', 3),
    (39, 'SN0000000039', 3),
    (40, 'SN0000000040', 3),
    (41, 'SN0000000041', 3),
    (42, 'SN0000000042', 3),
    (43, 'SN0000000043', 3),
    (44, 'SN0000000044', 3),
    (45, 'SN0000000045', 3),
    
    -- Product 4: AMD Ryzen 9 7950X (15 items)
    (46, 'SN0000000046', 4),
    (47, 'SN0000000047', 4),
    (48, 'SN0000000048', 4),
    (49, 'SN0000000049', 4),
    (50, 'SN0000000050', 4),
    (51, 'SN0000000051', 4),
    (52, 'SN0000000052', 4),
    (53, 'SN0000000053', 4),
    (54, 'SN0000000054', 4),
    (55, 'SN0000000055', 4),
    (56, 'SN0000000056', 4),
    (57, 'SN0000000057', 4),
    (58, 'SN0000000058', 4),
    (59, 'SN0000000059', 4),
    (60, 'SN0000000060', 4),
    
    -- Product 5: AMD Ryzen 7 7800X3D (15 items)
    (61, 'SN0000000061', 5),
    (62, 'SN0000000062', 5),
    (63, 'SN0000000063', 5),
    (64, 'SN0000000064', 5),
    (65, 'SN0000000065', 5),
    (66, 'SN0000000066', 5),
    (67, 'SN0000000067', 5),
    (68, 'SN0000000068', 5),
    (69, 'SN0000000069', 5),
    (70, 'SN0000000070', 5),
    (71, 'SN0000000071', 5),
    (72, 'SN0000000072', 5),
    (73, 'SN0000000073', 5),
    (74, 'SN0000000074', 5),
    (75, 'SN0000000075', 5),
    
    -- Product 6: AMD Ryzen 5 7600X (15 items)
    (76, 'SN0000000076', 6),
    (77, 'SN0000000077', 6),
    (78, 'SN0000000078', 6),
    (79, 'SN0000000079', 6),
    (80, 'SN0000000080', 6),
    (81, 'SN0000000081', 6),
    (82, 'SN0000000082', 6),
    (83, 'SN0000000083', 6),
    (84, 'SN0000000084', 6),
    (85, 'SN0000000085', 6),
    (86, 'SN0000000086', 6),
    (87, 'SN0000000087', 6),
    (88, 'SN0000000088', 6),
    (89, 'SN0000000089', 6),
    (90, 'SN0000000090', 6),
    
    -- Product 7: ASUS ROG Maximus Z790 Hero (15 items)
    (91, 'SN0000000091', 7),
    (92, 'SN0000000092', 7),
    (93, 'SN0000000093', 7),
    (94, 'SN0000000094', 7),
    (95, 'SN0000000095', 7),
    (96, 'SN0000000096', 7),
    (97, 'SN0000000097', 7),
    (98, 'SN0000000098', 7),
    (99, 'SN0000000099', 7),
    (100, 'SN0000000100', 7),
    (101, 'SN0000000101', 7),
    (102, 'SN0000000102', 7),
    (103, 'SN0000000103', 7),
    (104, 'SN0000000104', 7),
    (105, 'SN0000000105', 7),
    
    -- Product 8: MSI MPG B760 Gaming Plus WiFi (15 items)
    (106, 'SN0000000106', 8),
    (107, 'SN0000000107', 8),
    (108, 'SN0000000108', 8),
    (109, 'SN0000000109', 8),
    (110, 'SN0000000110', 8),
    (111, 'SN0000000111', 8),
    (112, 'SN0000000112', 8),
    (113, 'SN0000000113', 8),
    (114, 'SN0000000114', 8),
    (115, 'SN0000000115', 8),
    (116, 'SN0000000116', 8),
    (117, 'SN0000000117', 8),
    (118, 'SN0000000118', 8),
    (119, 'SN0000000119', 8),
    (120, 'SN0000000120', 8),
    
    -- Product 9: Gigabyte B650 AORUS Elite AX (15 items)
    (121, 'SN0000000121', 9),
    (122, 'SN0000000122', 9),
    (123, 'SN0000000123', 9),
    (124, 'SN0000000124', 9),
    (125, 'SN0000000125', 9),
    (126, 'SN0000000126', 9),
    (127, 'SN0000000127', 9),
    (128, 'SN0000000128', 9),
    (129, 'SN0000000129', 9),
    (130, 'SN0000000130', 9),
    (131, 'SN0000000131', 9),
    (132, 'SN0000000132', 9),
    (133, 'SN0000000133', 9),
    (134, 'SN0000000134', 9),
    (135, 'SN0000000135', 9),
    
    -- Product 10: ASRock X670E Taichi (15 items)
    (136, 'SN0000000136', 10),
    (137, 'SN0000000137', 10),
    (138, 'SN0000000138', 10),
    (139, 'SN0000000139', 10),
    (140, 'SN0000000140', 10),
    (141, 'SN0000000141', 10),
    (142, 'SN0000000142', 10),
    (143, 'SN0000000143', 10),
    (144, 'SN0000000144', 10),
    (145, 'SN0000000145', 10),
    (146, 'SN0000000146', 10),
    (147, 'SN0000000147', 10),
    (148, 'SN0000000148', 10),
    (149, 'SN0000000149', 10),
    (150, 'SN0000000150', 10),
    
    -- Product 11: ASUS TUF Gaming B650-Plus (15 items)
    (151, 'SN0000000151', 11),
    (152, 'SN0000000152', 11),
    (153, 'SN0000000153', 11),
    (154, 'SN0000000154', 11),
    (155, 'SN0000000155', 11),
    (156, 'SN0000000156', 11),
    (157, 'SN0000000157', 11),
    (158, 'SN0000000158', 11),
    (159, 'SN0000000159', 11),
    (160, 'SN0000000160', 11),
    (161, 'SN0000000161', 11),
    (162, 'SN0000000162', 11),
    (163, 'SN0000000163', 11),
    (164, 'SN0000000164', 11),
    (165, 'SN0000000165', 11),
    
    -- Product 12: Corsair Vengeance DDR5 32GB (15 items)
    (166, 'SN0000000166', 12),
    (167, 'SN0000000167', 12),
    (168, 'SN0000000168', 12),
    (169, 'SN0000000169', 12),
    (170, 'SN0000000170', 12),
    (171, 'SN0000000171', 12),
    (172, 'SN0000000172', 12),
    (173, 'SN0000000173', 12),
    (174, 'SN0000000174', 12),
    (175, 'SN0000000175', 12),
    (176, 'SN0000000176', 12),
    (177, 'SN0000000177', 12),
    (178, 'SN0000000178', 12),
    (179, 'SN0000000179', 12),
    (180, 'SN0000000180', 12),
    
    -- Product 13: G.Skill Trident Z5 RGB 32GB (15 items)
    (181, 'SN0000000181', 13),
    (182, 'SN0000000182', 13),
    (183, 'SN0000000183', 13),
    (184, 'SN0000000184', 13),
    (185, 'SN0000000185', 13),
    (186, 'SN0000000186', 13),
    (187, 'SN0000000187', 13),
    (188, 'SN0000000188', 13),
    (189, 'SN0000000189', 13),
    (190, 'SN0000000190', 13),
    (191, 'SN0000000191', 13),
    (192, 'SN0000000192', 13),
    (193, 'SN0000000193', 13),
    (194, 'SN0000000194', 13),
    (195, 'SN0000000195', 13),
    
    -- Product 14: Kingston Fury Beast 16GB DDR5 (15 items)
    (196, 'SN0000000196', 14),
    (197, 'SN0000000197', 14),
    (198, 'SN0000000198', 14),
    (199, 'SN0000000199', 14),
    (200, 'SN0000000200', 14),
    (201, 'SN0000000201', 14),
    (202, 'SN0000000202', 14),
    (203, 'SN0000000203', 14),
    (204, 'SN0000000204', 14),
    (205, 'SN0000000205', 14),
    (206, 'SN0000000206', 14),
    (207, 'SN0000000207', 14),
    (208, 'SN0000000208', 14),
    (209, 'SN0000000209', 14),
    (210, 'SN0000000210', 14),
    
    -- Product 15: Corsair Dominator Platinum 64GB (15 items)
    (211, 'SN0000000211', 15),
    (212, 'SN0000000212', 15),
    (213, 'SN0000000213', 15),
    (214, 'SN0000000214', 15),
    (215, 'SN0000000215', 15),
    (216, 'SN0000000216', 15),
    (217, 'SN0000000217', 15),
    (218, 'SN0000000218', 15),
    (219, 'SN0000000219', 15),
    (220, 'SN0000000220', 15),
    (221, 'SN0000000221', 15),
    (222, 'SN0000000222', 15),
    (223, 'SN0000000223', 15),
    (224, 'SN0000000224', 15),
    (225, 'SN0000000225', 15),
    
    -- Product 16: G.Skill Ripjaws S5 16GB (15 items)
    (226, 'SN0000000226', 16),
    (227, 'SN0000000227', 16),
    (228, 'SN0000000228', 16),
    (229, 'SN0000000229', 16),
    (230, 'SN0000000230', 16),
    (231, 'SN0000000231', 16),
    (232, 'SN0000000232', 16),
    (233, 'SN0000000233', 16),
    (234, 'SN0000000234', 16),
    (235, 'SN0000000235', 16),
    (236, 'SN0000000236', 16),
    (237, 'SN0000000237', 16),
    (238, 'SN0000000238', 16),
    (239, 'SN0000000239', 16),
    (240, 'SN0000000240', 16),
    
    -- Product 17: NVIDIA GeForce RTX 4090 (15 items)
    (241, 'SN0000000241', 17),
    (242, 'SN0000000242', 17),
    (243, 'SN0000000243', 17),
    (244, 'SN0000000244', 17),
    (245, 'SN0000000245', 17),
    (246, 'SN0000000246', 17),
    (247, 'SN0000000247', 17),
    (248, 'SN0000000248', 17),
    (249, 'SN0000000249', 17),
    (250, 'SN0000000250', 17),
    (251, 'SN0000000251', 17),
    (252, 'SN0000000252', 17),
    (253, 'SN0000000253', 17),
    (254, 'SN0000000254', 17),
    (255, 'SN0000000255', 17),
    
    -- Product 18: NVIDIA GeForce RTX 4080 Super (15 items)
    (256, 'SN0000000256', 18),
    (257, 'SN0000000257', 18),
    (258, 'SN0000000258', 18),
    (259, 'SN0000000259', 18),
    (260, 'SN0000000260', 18),
    (261, 'SN0000000261', 18),
    (262, 'SN0000000262', 18),
    (263, 'SN0000000263', 18),
    (264, 'SN0000000264', 18),
    (265, 'SN0000000265', 18),
    (266, 'SN0000000266', 18),
    (267, 'SN0000000267', 18),
    (268, 'SN0000000268', 18),
    (269, 'SN0000000269', 18),
    (270, 'SN0000000270', 18),
    
    -- Product 19: NVIDIA GeForce RTX 4070 Ti (15 items)
    (271, 'SN0000000271', 19),
    (272, 'SN0000000272', 19),
    (273, 'SN0000000273', 19),
    (274, 'SN0000000274', 19),
    (275, 'SN0000000275', 19),
    (276, 'SN0000000276', 19),
    (277, 'SN0000000277', 19),
    (278, 'SN0000000278', 19),
    (279, 'SN0000000279', 19),
    (280, 'SN0000000280', 19),
    (281, 'SN0000000281', 19),
    (282, 'SN0000000282', 19),
    (283, 'SN0000000283', 19),
    (284, 'SN0000000284', 19),
    (285, 'SN0000000285', 19),
    
    -- Product 20: AMD Radeon RX 7900 XTX (15 items)
    (286, 'SN0000000286', 20),
    (287, 'SN0000000287', 20),
    (288, 'SN0000000288', 20),
    (289, 'SN0000000289', 20),
    (290, 'SN0000000290', 20),
    (291, 'SN0000000291', 20),
    (292, 'SN0000000292', 20),
    (293, 'SN0000000293', 20),
    (294, 'SN0000000294', 20),
    (295, 'SN0000000295', 20),
    (296, 'SN0000000296', 20),
    (297, 'SN0000000297', 20),
    (298, 'SN0000000298', 20),
    (299, 'SN0000000299', 20),
    (300, 'SN0000000300', 20),
    
    -- Product 21: AMD Radeon RX 7800 XT (15 items)
    (301, 'SN0000000301', 21),
    (302, 'SN0000000302', 21),
    (303, 'SN0000000303', 21),
    (304, 'SN0000000304', 21),
    (305, 'SN0000000305', 21),
    (306, 'SN0000000306', 21),
    (307, 'SN0000000307', 21),
    (308, 'SN0000000308', 21),
    (309, 'SN0000000309', 21),
    (310, 'SN0000000310', 21),
    (311, 'SN0000000311', 21),
    (312, 'SN0000000312', 21),
    (313, 'SN0000000313', 21),
    (314, 'SN0000000314', 21),
    (315, 'SN0000000315', 21),
    
    -- Product 22: NVIDIA GeForce RTX 4060 Ti (15 items)
    (316, 'SN0000000316', 22),
    (317, 'SN0000000317', 22),
    (318, 'SN0000000318', 22),
    (319, 'SN0000000319', 22),
    (320, 'SN0000000320', 22),
    (321, 'SN0000000321', 22),
    (322, 'SN0000000322', 22),
    (323, 'SN0000000323', 22),
    (324, 'SN0000000324', 22),
    (325, 'SN0000000325', 22),
    (326, 'SN0000000326', 22),
    (327, 'SN0000000327', 22),
    (328, 'SN0000000328', 22),
    (329, 'SN0000000329', 22),
    (330, 'SN0000000330', 22),
    
    -- Product 23: Samsung 990 Pro 2TB NVMe (15 items)
    (331, 'SN0000000331', 23),
    (332, 'SN0000000332', 23),
    (333, 'SN0000000333', 23),
    (334, 'SN0000000334', 23),
    (335, 'SN0000000335', 23),
    (336, 'SN0000000336', 23),
    (337, 'SN0000000337', 23),
    (338, 'SN0000000338', 23),
    (339, 'SN0000000339', 23),
    (340, 'SN0000000340', 23),
    (341, 'SN0000000341', 23),
    (342, 'SN0000000342', 23),
    (343, 'SN0000000343', 23),
    (344, 'SN0000000344', 23),
    (345, 'SN0000000345', 23),
    
    -- Product 24: WD Black SN850X 1TB NVMe (15 items)
    (346, 'SN0000000346', 24),
    (347, 'SN0000000347', 24),
    (348, 'SN0000000348', 24),
    (349, 'SN0000000349', 24),
    (350, 'SN0000000350', 24),
    (351, 'SN0000000351', 24),
    (352, 'SN0000000352', 24),
    (353, 'SN0000000353', 24),
    (354, 'SN0000000354', 24),
    (355, 'SN0000000355', 24),
    (356, 'SN0000000356', 24),
    (357, 'SN0000000357', 24),
    (358, 'SN0000000358', 24),
    (359, 'SN0000000359', 24),
    (360, 'SN0000000360', 24),
    
    -- Product 25: Crucial P5 Plus 500GB NVMe (15 items)
    (361, 'SN0000000361', 25),
    (362, 'SN0000000362', 25),
    (363, 'SN0000000363', 25),
    (364, 'SN0000000364', 25),
    (365, 'SN0000000365', 25),
    (366, 'SN0000000366', 25),
    (367, 'SN0000000367', 25),
    (368, 'SN0000000368', 25),
    (369, 'SN0000000369', 25),
    (370, 'SN0000000370', 25),
    (371, 'SN0000000371', 25),
    (372, 'SN0000000372', 25),
    (373, 'SN0000000373', 25),
    (374, 'SN0000000374', 25),
    (375, 'SN0000000375', 25),
    
    -- Product 26: Kingston KC3000 1TB NVMe (15 items)
    (376, 'SN0000000376', 26),
    (377, 'SN0000000377', 26),
    (378, 'SN0000000378', 26),
    (379, 'SN0000000379', 26),
    (380, 'SN0000000380', 26),
    (381, 'SN0000000381', 26),
    (382, 'SN0000000382', 26),
    (383, 'SN0000000383', 26),
    (384, 'SN0000000384', 26),
    (385, 'SN0000000385', 26),
    (386, 'SN0000000386', 26),
    (387, 'SN0000000387', 26),
    (388, 'SN0000000388', 26),
    (389, 'SN0000000389', 26),
    (390, 'SN0000000390', 26),
    
    -- Product 27: Corsair RM850x 850W (15 items)
    (391, 'SN0000000391', 27),
    (392, 'SN0000000392', 27),
    (393, 'SN0000000393', 27),
    (394, 'SN0000000394', 27),
    (395, 'SN0000000395', 27),
    (396, 'SN0000000396', 27),
    (397, 'SN0000000397', 27),
    (398, 'SN0000000398', 27),
    (399, 'SN0000000399', 27),
    (400, 'SN0000000400', 27),
    (401, 'SN0000000401', 27),
    (402, 'SN0000000402', 27),
    (403, 'SN0000000403', 27),
    (404, 'SN0000000404', 27),
    (405, 'SN0000000405', 27),
    
    -- Product 28: Seasonic Focus GX-750 750W (15 items)
    (406, 'SN0000000406', 28),
    (407, 'SN0000000407', 28),
    (408, 'SN0000000408', 28),
    (409, 'SN0000000409', 28),
    (410, 'SN0000000410', 28),
    (411, 'SN0000000411', 28),
    (412, 'SN0000000412', 28),
    (413, 'SN0000000413', 28),
    (414, 'SN0000000414', 28),
    (415, 'SN0000000415', 28),
    (416, 'SN0000000416', 28),
    (417, 'SN0000000417', 28),
    (418, 'SN0000000418', 28),
    (419, 'SN0000000419', 28),
    (420, 'SN0000000420', 28),
    
    -- Product 29: EVGA SuperNOVA 1000 G6 (15 items)
    (421, 'SN0000000421', 29),
    (422, 'SN0000000422', 29),
    (423, 'SN0000000423', 29),
    (424, 'SN0000000424', 29),
    (425, 'SN0000000425', 29),
    (426, 'SN0000000426', 29),
    (427, 'SN0000000427', 29),
    (428, 'SN0000000428', 29),
    (429, 'SN0000000429', 29),
    (430, 'SN0000000430', 29),
    (431, 'SN0000000431', 29),
    (432, 'SN0000000432', 29),
    (433, 'SN0000000433', 29),
    (434, 'SN0000000434', 29),
    (435, 'SN0000000435', 29),
    
    -- Product 30: Thermaltake Toughpower GF1 650W (15 items)
    (436, 'SN0000000436', 30),
    (437, 'SN0000000437', 30),
    (438, 'SN0000000438', 30),
    (439, 'SN0000000439', 30),
    (440, 'SN0000000440', 30),
    (441, 'SN0000000441', 30),
    (442, 'SN0000000442', 30),
    (443, 'SN0000000443', 30),
    (444, 'SN0000000444', 30),
    (445, 'SN0000000445', 30),
    (446, 'SN0000000446', 30),
    (447, 'SN0000000447', 30),
    (448, 'SN0000000448', 30),
    (449, 'SN0000000449', 30),
    (450, 'SN0000000450', 30);

    -- Warehouses
INSERT INTO Warehouse (WarehouseID, WarehouseName, Location, WarehouseManager) VALUES
    (1, 'Kho Trung Tâm Hà Nội', '123 Đường Trần Hưng Đạo, Quận Hoàn Kiếm, Hà Nội', 'wmgr1'),
    (2, 'Kho Thành Phố Hồ Chí Minh', '45 Đường Nguyễn Văn Linh, Quận 7, TP.HCM', 'wmgr2'),
    (3, 'Kho Đà Nẵng', '8 Đường Lê Duẩn, Quận Hải Châu, Đà Nẵng', 'wmgr3'),
    (4, 'Kho Huế', '12 Đường Võ Nguyên Giáp, TP. Huế, Thừa Thiên Huế', 'wmgr4'),
    (5, 'Kho Cần Thơ', '77 Đường Nguyễn An Ninh, Quận Ninh Kiều, Cần Thơ', 'wmgr5'),
    (6, 'Kho Hải Phòng', '5 Đường Lê Lợi, Quận Hồng Bàng, Hải Phòng', 'wmgr6');

    -- ProductWarehouse: map each ItemID to a Warehouse (random distribution)
    INSERT INTO ProductWarehouse (ProductWarehouseID, ProductStatus, WarehouseID, ItemID) VALUES
    (1, 'In_Stock', 3, 1),
    (2, 'In_Stock', 5, 2),
    (3, 'In_Stock', 1, 3),
    (4, 'In_Stock', 3, 4),
    (5, 'In_Stock', 5, 5),
    (6, 'In_Stock', 2, 6),
    (7, 'In_Stock', 5, 7),
    (8, 'In_Stock', 3, 8),
    (9, 'In_Stock', 5, 9),
    (10, 'In_Stock', 6, 10),
    (11, 'In_Stock', 2, 11),
    (12, 'In_Stock', 3, 12),
    (13, 'In_Stock', 1, 13),
    (14, 'In_Stock', 2, 14),
    (15, 'In_Stock', 4, 15),
    (16, 'In_Stock', 2, 16),
    (17, 'In_Stock', 6, 17),
    (18, 'In_Stock', 5, 18),
    (19, 'In_Stock', 2, 19),
    (20, 'In_Stock', 5, 20),
    (21, 'In_Stock', 2, 21),
    (22, 'In_Stock', 5, 22),
    (23, 'In_Stock', 6, 23),
    (24, 'In_Stock', 6, 24),
    (25, 'In_Stock', 2, 25),
    (26, 'In_Stock', 2, 26),
    (27, 'In_Stock', 3, 27),
    (28, 'In_Stock', 3, 28),
    (29, 'In_Stock', 4, 29),
    (30, 'In_Stock', 1, 30),
    (31, 'In_Stock', 5, 31),
    (32, 'In_Stock', 2, 32),
    (33, 'In_Stock', 3, 33),
    (34, 'In_Stock', 6, 34),
    (35, 'In_Stock', 4, 35),
    (36, 'In_Stock', 4, 36),
    (37, 'In_Stock', 6, 37),
    (38, 'In_Stock', 2, 38),
    (39, 'In_Stock', 3, 39),
    (40, 'In_Stock', 5, 40),
    (41, 'In_Stock', 2, 41),
    (42, 'In_Stock', 5, 42),
    (43, 'In_Stock', 2, 43),
    (44, 'In_Stock', 4, 44),
    (45, 'In_Stock', 4, 45),
    (46, 'In_Stock', 5, 46),
    (47, 'In_Stock', 4, 47),
    (48, 'In_Stock', 6, 48),
    (49, 'In_Stock', 2, 49),
    (50, 'In_Stock', 3, 50),
    (51, 'In_Stock', 5, 51),
    (52, 'In_Stock', 4, 52),
    (53, 'In_Stock', 5, 53),
    (54, 'In_Stock', 2, 54),
    (55, 'In_Stock', 1, 55),
    (56, 'In_Stock', 4, 56),
    (57, 'In_Stock', 2, 57),
    (58, 'In_Stock', 3, 58),
    (59, 'In_Stock', 2, 59),
    (60, 'In_Stock', 4, 60),
    (61, 'In_Stock', 4, 61),
    (62, 'In_Stock', 4, 62),
    (63, 'In_Stock', 1, 63),
    (64, 'In_Stock', 4, 64),
    (65, 'In_Stock', 1, 65),
    (66, 'In_Stock', 1, 66),
    (67, 'In_Stock', 3, 67),
    (68, 'In_Stock', 6, 68),
    (69, 'In_Stock', 4, 69),
    (70, 'In_Stock', 4, 70),
    (71, 'In_Stock', 1, 71),
    (72, 'In_Stock', 2, 72),
    (73, 'In_Stock', 6, 73),
    (74, 'In_Stock', 2, 74),
    (75, 'In_Stock', 5, 75),
    (76, 'In_Stock', 4, 76),
    (77, 'In_Stock', 1, 77),
    (78, 'In_Stock', 2, 78),
    (79, 'In_Stock', 1, 79),
    (80, 'In_Stock', 4, 80),
    (81, 'In_Stock', 5, 81),
    (82, 'In_Stock', 5, 82),
    (83, 'In_Stock', 4, 83),
    (84, 'In_Stock', 5, 84),
    (85, 'In_Stock', 3, 85),
    (86, 'In_Stock', 2, 86),
    (87, 'In_Stock', 2, 87),
    (88, 'In_Stock', 6, 88),
    (89, 'In_Stock', 2, 89),
    (90, 'In_Stock', 2, 90),
    (91, 'In_Stock', 4, 91),
    (92, 'In_Stock', 4, 92),
    (93, 'In_Stock', 2, 93),
    (94, 'In_Stock', 4, 94),
    (95, 'In_Stock', 4, 95),
    (96, 'In_Stock', 6, 96),
    (97, 'In_Stock', 3, 97),
    (98, 'In_Stock', 1, 98),
    (99, 'In_Stock', 2, 99),
    (100, 'In_Stock', 5, 100),
    (101, 'In_Stock', 2, 101),
    (102, 'In_Stock', 2, 102),
    (103, 'In_Stock', 2, 103),
    (104, 'In_Stock', 2, 104),
    (105, 'In_Stock', 4, 105),
    (106, 'In_Stock', 5, 106),
    (107, 'In_Stock', 1, 107),
    (108, 'In_Stock', 1, 108),
    (109, 'In_Stock', 4, 109),
    (110, 'In_Stock', 6, 110),
    (111, 'In_Stock', 1, 111),
    (112, 'In_Stock', 3, 112),
    (113, 'In_Stock', 3, 113),
    (114, 'In_Stock', 6, 114),
    (115, 'In_Stock', 6, 115),
    (116, 'In_Stock', 6, 116),
    (117, 'In_Stock', 3, 117),
    (118, 'In_Stock', 3, 118),
    (119, 'In_Stock', 4, 119),
    (120, 'In_Stock', 3, 120),
    (121, 'In_Stock', 3, 121),
    (122, 'In_Stock', 1, 122),
    (123, 'In_Stock', 4, 123),
    (124, 'In_Stock', 5, 124),
    (125, 'In_Stock', 1, 125),
    (126, 'In_Stock', 1, 126),
    (127, 'In_Stock', 2, 127),
    (128, 'In_Stock', 5, 128),
    (129, 'In_Stock', 3, 129),
    (130, 'In_Stock', 6, 130),
    (131, 'In_Stock', 1, 131),
    (132, 'In_Stock', 3, 132),
    (133, 'In_Stock', 3, 133),
    (134, 'In_Stock', 2, 134),
    (135, 'In_Stock', 4, 135),
    (136, 'In_Stock', 2, 136),
    (137, 'In_Stock', 2, 137),
    (138, 'In_Stock', 6, 138),
    (139, 'In_Stock', 2, 139),
    (140, 'In_Stock', 2, 140),
    (141, 'In_Stock', 6, 141),
    (142, 'In_Stock', 1, 142),
    (143, 'In_Stock', 3, 143),
    (144, 'In_Stock', 1, 144),
    (145, 'In_Stock', 3, 145),
    (146, 'In_Stock', 3, 146),
    (147, 'In_Stock', 3, 147),
    (148, 'In_Stock', 5, 148),
    (149, 'In_Stock', 3, 149),
    (150, 'In_Stock', 1, 150),
    (151, 'In_Stock', 6, 151),
    (152, 'In_Stock', 5, 152),
    (153, 'In_Stock', 1, 153),
    (154, 'In_Stock', 6, 154),
    (155, 'In_Stock', 1, 155),
    (156, 'In_Stock', 2, 156),
    (157, 'In_Stock', 5, 157),
    (158, 'In_Stock', 4, 158),
    (159, 'In_Stock', 3, 159),
    (160, 'In_Stock', 1, 160),
    (161, 'In_Stock', 2, 161),
    (162, 'In_Stock', 4, 162),
    (163, 'In_Stock', 6, 163),
    (164, 'In_Stock', 3, 164),
    (165, 'In_Stock', 1, 165),
    (166, 'In_Stock', 3, 166),
    (167, 'In_Stock', 1, 167),
    (168, 'In_Stock', 6, 168),
    (169, 'In_Stock', 1, 169),
    (170, 'In_Stock', 5, 170),
    (171, 'In_Stock', 3, 171),
    (172, 'In_Stock', 5, 172),
    (173, 'In_Stock', 4, 173),
    (174, 'In_Stock', 2, 174),
    (175, 'In_Stock', 1, 175),
    (176, 'In_Stock', 1, 176),
    (177, 'In_Stock', 5, 177),
    (178, 'In_Stock', 6, 178),
    (179, 'In_Stock', 1, 179),
    (180, 'In_Stock', 5, 180),
    (181, 'In_Stock', 2, 181),
    (182, 'In_Stock', 1, 182),
    (183, 'In_Stock', 6, 183),
    (184, 'In_Stock', 1, 184),
    (185, 'In_Stock', 2, 185),
    (186, 'In_Stock', 5, 186),
    (187, 'In_Stock', 1, 187),
    (188, 'In_Stock', 4, 188),
    (189, 'In_Stock', 3, 189),
    (190, 'In_Stock', 3, 190),
    (191, 'In_Stock', 5, 191),
    (192, 'In_Stock', 6, 192),
    (193, 'In_Stock', 5, 193),
    (194, 'In_Stock', 3, 194),
    (195, 'In_Stock', 4, 195),
    (196, 'In_Stock', 6, 196),
    (197, 'In_Stock', 5, 197),
    (198, 'In_Stock', 3, 198),
    (199, 'In_Stock', 3, 199),
    (200, 'In_Stock', 2, 200),
    (201, 'In_Stock', 1, 201),
    (202, 'In_Stock', 3, 202),
    (203, 'In_Stock', 6, 203),
    (204, 'In_Stock', 3, 204),
    (205, 'In_Stock', 3, 205),
    (206, 'In_Stock', 3, 206),
    (207, 'In_Stock', 4, 207),
    (208, 'In_Stock', 6, 208),
    (209, 'In_Stock', 4, 209),
    (210, 'In_Stock', 1, 210),
    (211, 'In_Stock', 1, 211),
    (212, 'In_Stock', 5, 212),
    (213, 'In_Stock', 1, 213),
    (214, 'In_Stock', 5, 214),
    (215, 'In_Stock', 6, 215),
    (216, 'In_Stock', 6, 216),
    (217, 'In_Stock', 4, 217),
    (218, 'In_Stock', 5, 218),
    (219, 'In_Stock', 5, 219),
    (220, 'In_Stock', 4, 220),
    (221, 'In_Stock', 5, 221),
    (222, 'In_Stock', 4, 222),
    (223, 'In_Stock', 3, 223),
    (224, 'In_Stock', 2, 224),
    (225, 'In_Stock', 6, 225),
    (226, 'In_Stock', 6, 226),
    (227, 'In_Stock', 3, 227),
    (228, 'In_Stock', 5, 228),
    (229, 'In_Stock', 4, 229),
    (230, 'In_Stock', 3, 230),
    (231, 'In_Stock', 2, 231),
    (232, 'In_Stock', 5, 232),
    (233, 'In_Stock', 2, 233),
    (234, 'In_Stock', 1, 234),
    (235, 'In_Stock', 2, 235),
    (236, 'In_Stock', 3, 236),
    (237, 'In_Stock', 3, 237),
    (238, 'In_Stock', 6, 238),
    (239, 'In_Stock', 5, 239),
    (240, 'In_Stock', 1, 240),
    (241, 'In_Stock', 5, 241),
    (242, 'In_Stock', 6, 242),
    (243, 'In_Stock', 1, 243),
    (244, 'In_Stock', 4, 244),
    (245, 'In_Stock', 2, 245),
    (246, 'In_Stock', 4, 246),
    (247, 'In_Stock', 2, 247),
    (248, 'In_Stock', 4, 248),
    (249, 'In_Stock', 1, 249),
    (250, 'In_Stock', 3, 250),
    (251, 'In_Stock', 5, 251),
    (252, 'In_Stock', 5, 252),
    (253, 'In_Stock', 3, 253),
    (254, 'In_Stock', 5, 254),
    (255, 'In_Stock', 2, 255),
    (256, 'In_Stock', 5, 256),
    (257, 'In_Stock', 1, 257),
    (258, 'In_Stock', 1, 258),
    (259, 'In_Stock', 2, 259),
    (260, 'In_Stock', 1, 260),
    (261, 'In_Stock', 2, 261),
    (262, 'In_Stock', 1, 262),
    (263, 'In_Stock', 4, 263),
    (264, 'In_Stock', 5, 264),
    (265, 'In_Stock', 6, 265),
    (266, 'In_Stock', 3, 266),
    (267, 'In_Stock', 2, 267),
    (268, 'In_Stock', 3, 268),
    (269, 'In_Stock', 3, 269),
    (270, 'In_Stock', 3, 270),
    (271, 'In_Stock', 4, 271),
    (272, 'In_Stock', 2, 272),
    (273, 'In_Stock', 2, 273),
    (274, 'In_Stock', 6, 274),
    (275, 'In_Stock', 2, 275),
    (276, 'In_Stock', 1, 276),
    (277, 'In_Stock', 5, 277),
    (278, 'In_Stock', 5, 278),
    (279, 'In_Stock', 2, 279),
    (280, 'In_Stock', 1, 280),
    (281, 'In_Stock', 5, 281),
    (282, 'In_Stock', 5, 282),
    (283, 'In_Stock', 6, 283),
    (284, 'In_Stock', 1, 284),
    (285, 'In_Stock', 2, 285),
    (286, 'In_Stock', 5, 286),
    (287, 'In_Stock', 1, 287),
    (288, 'In_Stock', 1, 288),
    (289, 'In_Stock', 4, 289),
    (290, 'In_Stock', 2, 290),
    (291, 'In_Stock', 5, 291),
    (292, 'In_Stock', 2, 292),
    (293, 'In_Stock', 4, 293),
    (294, 'In_Stock', 5, 294),
    (295, 'In_Stock', 2, 295),
    (296, 'In_Stock', 3, 296),
    (297, 'In_Stock', 1, 297),
    (298, 'In_Stock', 1, 298),
    (299, 'In_Stock', 4, 299),
    (300, 'In_Stock', 6, 300),
    (301, 'In_Stock', 5, 301),
    (302, 'In_Stock', 4, 302),
    (303, 'In_Stock', 4, 303),
    (304, 'In_Stock', 1, 304),
    (305, 'In_Stock', 2, 305),
    (306, 'In_Stock', 5, 306),
    (307, 'In_Stock', 5, 307),
    (308, 'In_Stock', 6, 308),
    (309, 'In_Stock', 4, 309),
    (310, 'In_Stock', 1, 310),
    (311, 'In_Stock', 1, 311),
    (312, 'In_Stock', 5, 312),
    (313, 'In_Stock', 3, 313),
    (314, 'In_Stock', 3, 314),
    (315, 'In_Stock', 2, 315),
    (316, 'In_Stock', 4, 316),
    (317, 'In_Stock', 2, 317),
    (318, 'In_Stock', 2, 318),
    (319, 'In_Stock', 5, 319),
    (320, 'In_Stock', 3, 320),
    (321, 'In_Stock', 1, 321),
    (322, 'In_Stock', 3, 322),
    (323, 'In_Stock', 4, 323),
    (324, 'In_Stock', 3, 324),
    (325, 'In_Stock', 3, 325),
    (326, 'In_Stock', 2, 326),
    (327, 'In_Stock', 1, 327),
    (328, 'In_Stock', 4, 328),
    (329, 'In_Stock', 5, 329),
    (330, 'In_Stock', 3, 330),
    (331, 'In_Stock', 6, 331),
    (332, 'In_Stock', 3, 332),
    (333, 'In_Stock', 1, 333),
    (334, 'In_Stock', 5, 334),
    (335, 'In_Stock', 5, 335),
    (336, 'In_Stock', 3, 336),
    (337, 'In_Stock', 5, 337),
    (338, 'In_Stock', 3, 338),
    (339, 'In_Stock', 3, 339),
    (340, 'In_Stock', 5, 340),
    (341, 'In_Stock', 4, 341),
    (342, 'In_Stock', 1, 342),
    (343, 'In_Stock', 1, 343),
    (344, 'In_Stock', 6, 344),
    (345, 'In_Stock', 6, 345),
    (346, 'In_Stock', 4, 346),
    (347, 'In_Stock', 1, 347),
    (348, 'In_Stock', 1, 348),
    (349, 'In_Stock', 5, 349),
    (350, 'In_Stock', 2, 350),
    (351, 'In_Stock', 5, 351),
    (352, 'In_Stock', 6, 352),
    (353, 'In_Stock', 4, 353),
    (354, 'In_Stock', 5, 354),
    (355, 'In_Stock', 1, 355),
    (356, 'In_Stock', 1, 356),
    (357, 'In_Stock', 5, 357),
    (358, 'In_Stock', 4, 358),
    (359, 'In_Stock', 2, 359),
    (360, 'In_Stock', 4, 360),
    (361, 'In_Stock', 6, 361),
    (362, 'In_Stock', 6, 362),
    (363, 'In_Stock', 2, 363),
    (364, 'In_Stock', 6, 364),
    (365, 'In_Stock', 1, 365),
    (366, 'In_Stock', 2, 366),
    (367, 'In_Stock', 1, 367),
    (368, 'In_Stock', 2, 368),
    (369, 'In_Stock', 6, 369),
    (370, 'In_Stock', 5, 370),
    (371, 'In_Stock', 1, 371),
    (372, 'In_Stock', 3, 372),
    (373, 'In_Stock', 6, 373),
    (374, 'In_Stock', 4, 374),
    (375, 'In_Stock', 3, 375),
    (376, 'In_Stock', 1, 376),
    (377, 'In_Stock', 1, 377),
    (378, 'In_Stock', 5, 378),
    (379, 'In_Stock', 6, 379),
    (380, 'In_Stock', 3, 380),
    (381, 'In_Stock', 2, 381),
    (382, 'In_Stock', 2, 382),
    (383, 'In_Stock', 1, 383),
    (384, 'In_Stock', 1, 384),
    (385, 'In_Stock', 6, 385),
    (386, 'In_Stock', 4, 386),
    (387, 'In_Stock', 5, 387),
    (388, 'In_Stock', 4, 388),
    (389, 'In_Stock', 3, 389),
    (390, 'In_Stock', 2, 390),
    (391, 'In_Stock', 1, 391),
    (392, 'In_Stock', 4, 392),
    (393, 'In_Stock', 4, 393),
    (394, 'In_Stock', 5, 394),
    (395, 'In_Stock', 3, 395),
    (396, 'In_Stock', 1, 396),
    (397, 'In_Stock', 3, 397),
    (398, 'In_Stock', 3, 398),
    (399, 'In_Stock', 1, 399),
    (400, 'In_Stock', 6, 400),
    (401, 'In_Stock', 2, 401),
    (402, 'In_Stock', 4, 402),
    (403, 'In_Stock', 5, 403),
    (404, 'In_Stock', 3, 404),
    (405, 'In_Stock', 1, 405),
    (406, 'In_Stock', 6, 406),
    (407, 'In_Stock', 2, 407),
    (408, 'In_Stock', 3, 408),
    (409, 'In_Stock', 5, 409),
    (410, 'In_Stock', 4, 410),
    (411, 'In_Stock', 1, 411),
    (412, 'In_Stock', 6, 412),
    (413, 'In_Stock', 2, 413),
    (414, 'In_Stock', 3, 414),
    (415, 'In_Stock', 4, 415),
    (416, 'In_Stock', 5, 416),
    (417, 'In_Stock', 1, 417),
    (418, 'In_Stock', 6, 418),
    (419, 'In_Stock', 2, 419),
    (420, 'In_Stock', 3, 420),
    (421, 'In_Stock', 4, 421),
    (422, 'In_Stock', 5, 422),
    (423, 'In_Stock', 6, 423),
    (424, 'In_Stock', 1, 424),
    (425, 'In_Stock', 2, 425),
    (426, 'In_Stock', 3, 426),
    (427, 'In_Stock', 4, 427),
    (428, 'In_Stock', 5, 428),
    (429, 'In_Stock', 6, 429),
    (430, 'In_Stock', 1, 430),
    (431, 'In_Stock', 2, 431),
    (432, 'In_Stock', 3, 432),
    (433, 'In_Stock', 4, 433),
    (434, 'In_Stock', 5, 434),
    (435, 'In_Stock', 6, 435),
    (436, 'In_Stock', 1, 436),
    (437, 'In_Stock', 2, 437),
    (438, 'In_Stock', 3, 438),
    (439, 'In_Stock', 4, 439),
    (440, 'In_Stock', 5, 440),
    (441, 'In_Stock', 6, 441),
    (442, 'In_Stock', 1, 442),
    (443, 'In_Stock', 2, 443),
    (444, 'In_Stock', 3, 444),
    (445, 'In_Stock', 4, 445),
    (446, 'In_Stock', 5, 446),
    (447, 'In_Stock', 6, 447),
    (448, 'In_Stock', 1, 448),
    (449, 'In_Stock', 2, 449),
    (450, 'In_Stock', 3, 450);

--     -- Feedback sample
--     INSERT INTO Feedback (FeedbackID, Content, Rating, Response, FeedbackDate, CustomerID) VALUES
--     (1, 'Feedback sample #1 - product experience was good.', 5, 'Thanks for your feedback.', '2025-02-02 10:00:00', 'cust1'),
--     (2, 'Feedback sample #2 - product experience was good.', 5, 'Thanks for your feedback.', '2025-03-03 10:00:00', 'cust2'),
--     (3, 'Feedback sample #3 - product experience was good.', 4, 'Thanks for your feedback.', '2025-04-04 10:00:00', 'cust3'),
--     (4, 'Feedback sample #4 - product experience was good.', 3, 'Thanks for your feedback.', '2025-05-05 10:00:00', 'cust4'),
--     (5, 'Feedback sample #5 - product experience was good.', 4, 'Thanks for your feedback.', '2025-06-06 10:00:00', 'cust5'),
--     (6, 'Feedback sample #6 - product experience was good.', 4, 'Thanks for your feedback.', '2025-07-07 10:00:00', 'cust6');

    -- Contracts
--     INSERT INTO Contract (ContractID, ContractCode, ContractImage, StartDate, ExpiredDate, CustomerID) VALUES
--     (1, 'CTR-2025-0001', '/images/contracts/ctr_2025_0001.jpg', '2025-05-20', '2026-05-20', 1),
--     (2, 'CTR-2025-0002', '/images/contracts/ctr_2025_0002.jpg', '2025-05-24', '2026-05-24', 4),
--     (3, 'CTR-2025-0003', '/images/contracts/ctr_2025_0003.jpg', '2025-07-15', '2026-07-15', 6),
--     (4, 'CTR-2025-0004', '/images/contracts/ctr_2025_0004.jpg', '2025-07-10', '2026-07-10', 11),
--     (5, 'CTR-2025-0005', '/images/contracts/ctr_2025_0005.jpg', '2025-09-16', '2026-09-16', 11),
--     (6, 'CTR-2025-0006', '/images/contracts/ctr_2025_0006.jpg', '2025-09-12', '2026-09-12', 4),
--     (7, 'CTR-2025-0007', '/images/contracts/ctr_2025_0007.jpg', '2025-06-20', '2026-06-20', 12),
--     (8, 'CTR-2025-0008', '/images/contracts/ctr_2025_0008.jpg', '2025-06-05', '2026-06-05', 3),
--     (9, 'CTR-2025-0009', '/images/contracts/ctr_2025_0009.jpg', '2025-07-19', '2026-07-19', 2),
--     (10, 'CTR-2025-0010', '/images/contracts/ctr_2025_0010.jpg', '2025-07-01', '2026-07-01', 4),
--     (11, 'CTR-2025-0011', '/images/contracts/ctr_2025_0011.jpg', '2025-05-21', '2026-05-21', 10),
--     (12, 'CTR-2025-0012', '/images/contracts/ctr_2025_0012.jpg', '2025-09-15', '2026-09-15', 4);

    -- Requests
--     INSERT INTO Request (RequestID, RequestDescription, RequestStatus, StartDate, FinishedDate, Note, ContractID) VALUES
--     (1, 'Complaint about product performance', 'Pending', '2025-10-26 13:24:00', NULL, 'Under review', 12),
--     (2, 'Request firmware update', 'Approved', '2025-10-03 15:07:00', '2025-10-06 15:07:00', 'Awaiting customer response', 5),
--     (3, 'Request for product maintenance', 'Pending', '2025-09-09 16:02:00', NULL, '', 2),
--     (4, 'Customer reported device overheating', 'Approved', '2025-09-19 10:03:00', '2025-09-26 10:03:00', '', 10),
--     (5, 'General inspection request', 'Approved', '2025-09-14 08:56:00', '2025-09-19 08:56:00', '', 4),
--     (6, 'Battery draining too fast', 'Pending', '2025-10-02 14:15:00', NULL, '', 8),
--     (7, 'Request firmware update', 'Approved', '2025-09-04 09:50:00', '2025-09-08 09:50:00', 'Awaiting customer response', 9),
--     (8, 'Customer reported device overheating', 'Processing', '2025-09-26 09:13:00', NULL, 'Awaiting customer response', 10),
--     (9, 'Customer reported device overheating', 'Finished', '2025-10-26 08:53:00', '2025-11-04 08:53:00', 'Under review', 2),
--     (10, 'System not booting', 'Finished', '2025-10-20 08:47:00', '2025-10-23 08:47:00', '', 8),
--     (11, 'Request for product maintenance', 'Processing', '2025-09-17 15:21:00', NULL, 'Handled by technician', 10),
--     (12, 'Connectivity issue with WiFi', 'Rejected', '2025-10-03 12:11:00', '2025-10-10 12:11:00', '', 11),
--     (13, 'Complaint about product performance', 'Rejected', '2025-10-06 12:49:00', '2025-10-11 12:49:00', 'Under review', 7),
--     (14, 'No sound from speaker', 'Finished', '2025-10-11 09:09:00', '2025-10-16 09:09:00', 'Awaiting customer response', 3),
--     (15, 'Request firmware update', 'Processing', '2025-10-09 15:03:00', NULL, 'Handled by technician', 8);

    -- AccountRequest (who interacted with request)
    
    -- Features
INSERT INTO Feature (FeatureID, FeatureURL, Description) VALUES
(1, '/', 'HOME'),
(2, '/auth/logout', 'AUTH_LOGOUT'),
(3, '/auth/staff_login', 'AUTH_STAFF_LOGIN'),
(4, '/auth/customer_login', 'AUTH_CUSTOMER_LOGIN'),
(5, '/auth/customer_register', 'AUTH_CUSTOMER_REGISTER'),
(6, '/auth/forgot_password', 'AUTH_FORGOT_PASSWORD'),
(7, '/auth/change_password', 'AUTH_CHANGE_PASSWORD'),
(8, '/admin/role_list', 'ADMIN_VIEW_ROLE_LIST'),
(9, '/admin/role_list/view_role_detail', 'ADMIN_VIEW_ROLE_DETAIL'),
(10, '/admin/role_list/edit_role', 'ADMIN_EDIT_ROLE'),
(11, '/admin/role_list/create_role', 'ADMIN_CREATE_ROLE'),
(12, '/admin/account_list', 'ADMIN_VIEW_ACCOUNT_LIST'),
(13, '/admin/admin_actioncenter', 'ADMIN_ACTION_CENTER'),
(14, '/admin/account_list/edit_account', 'ADMIN_EDIT_ACCOUNT'),
(15, '/admin/create_account', 'ADMIN_CREATE_ACCOUNT'),
(16, '/admin/account_list/view_account_detail', 'ADMIN_VIEW_ACCOUNT_DETAIL'),
(17, '/admin/assign_feature', 'ADMIN_ASSIGN_FEATURE'),
(18, '/staff/requests/timeline', 'STAFF_REQUEST_TIMELINE'),
(19, '/staff/profile/edit', 'STAFF_EDIT_PROFILE'),
(20, '/staff/profile', 'STAFF_VIEW_PROFILE'),
(21, '/staff/task/detail', 'TECH_TASK_DETAIL'),
(22, '/staff/customer/detail', 'STAFF_VIEW_CUSTOMER_DETAIL'),
(23, '/customer/customer_actioncenter', 'CUSTOMER_ACTION_CENTER'),
(24, '/customer/contract_history', 'CUSTOMER_VIEW_CONTRACT_HISTORY'),
(25, '/customer/requests', 'CUSTOMER_VIEW_REQUEST'),
(26, '/customer/requests/detail', 'CUSTOMER_REQUEST_DETAIL'),
(27, '/customer/requests/create', 'CUSTOMER_CREATE_REQUEST'),
(28, '/customer/requests/timeline', 'CUSTOMER_REQUEST_TIMELINE'),
(29, '/customer/feedback/create', 'CUSTOMER_CREATE_FEEDBACK'),
(30, '/customer/feedback/view', 'CUSTOMER_VIEW_FEEDBACK'),
(31, '/customer/feedback/list', 'CUSTOMER_VIEW_FEEDBACK_LIST'),
(32, '/customer/profile', 'CUSTOMER_VIEW_PROFILE'),
(33, '/customer/profile/edit', 'CUSTOMER_EDIT_PROFILE'),
(34, '/customer/products', 'CUSTOMER_VIEW_PRODUCTS'),
(35, '/customer_supporter/create_contract', 'CUSTOMER_SUPPORTER_CREATE_CONTRACT'),
(36, '/customer_supporter/feedback/management', 'CUSTOMER_SUPPORTER_FEEDBACK_MANAGEMENT'),
(37, '/customer_supporter/requests/dashboard', 'CUSTOMER_SUPPORTER_REQUEST_DASHBOARD'),
(38, '/customer_supporter/requests/process', 'CUSTOMER_SUPPORTER_PROCESS_REQUEST'),
(39, '/customer_supporter/requests/detail', 'CUSTOMER_SUPPORTER_REQUEST_DETAIL'),
(40, '/customer_supporter/requests/list', 'CUSTOMER_SUPPORTER_REQUEST_LIST'),
(41, '/customer_supporter/dashboard', 'CUSTOMER_SUPPORTER_DASHBOARD'),
(42, '/customer_supporter/customers_list', 'CUSTOMER_SUPPORTER_VIEW_CUSTOMERS_LIST'),
(43, '/customer_supporter/customers_list/contracts', 'CUSTOMER_SUPPORTER_VIEW_CUSTOMER_CONTRACT'),
(44, '/customer_supporter/request/finish', 'CUSTOMER_SUPPORTER_FINISH_REQUEST'),
(45, '/customer_supporter/request/not_finish', 'CUSTOMER_SUPPORTER_NOT_FINISH_REQUEST'),
(46, '/staff/customer/products', 'CUSTOMER_SUPPORTER_VIEW_ALL_PRODUCTS'),
(47, '/customer_supporter/contracts', 'CUSTOMER_SUPPORTER_VIEW_CONTRACTS'),
(48, '/technician_leader/techlead_actioncenter', 'TECHLEAD_ACTION_CENTER'),
(49, '/technician_leader/task/selectTechnician', 'TECHLEAD_SELECT_TECHNICIAN'),
(50, '/technician_leader/request/viewAprovedTask', 'TECHLEAD_VIEW_APROVED_TASK'),
(51, '/technician_leader/employees', 'TECHLEAD_VIEW_TECHEM_LIST'),
(52, '/technician_leader/tech/employees/view', 'TECHLEAD_VIEW_TECHEM_DETAIL'),
(53, '/technician_leader/tasks/delete', 'TECHLEAD_DELETE_TASK'),
(54, '/technician_leader/tasks/assign', 'TECHLEAD_ASSIGN_TASK'),
(55, '/technician_leader/tasks/list', 'TECHLEAD_TASK_LIST'),
(56, '/technician_leader/request/finish', 'TECHLEAD_FINISH_REQUEST'),
(57, '/technician_leader/requests/detail', 'TECHLEAD_REQUEST_DETAIL'),
(58, '/technician_leader/dashboard', 'TECHLEAD_DASHBOARD'),
(59, '/technician_employee/techemployee_actioncenter', 'TECHEM_ACTION_CENTER'),
(60, '/technician_employee/task/updateStatus', 'TECHEM_UPDATE_TASK_STATUS'),
(61, '/technician_employee/task/viewAssignedTasks', 'TECHEM_VIEW_ASSIGNED_TASK'),
(62, '/technician_employee/employees/create_product_requests', 'CREATE_PRODUCT_REQUEST'),
(63, '/technician_employee/view_product_requests', 'TECHEM_VIEW_PRODUCT_REQUESTS'),
(64, '/technician_employee/task/processAssignment', 'TASK_PROCESS_ASSIGNMENT'),
(65, '/technician_employee/task/assignmentDecision', 'TASK_ASSIGNMENT_DECISION'),
(66, '/technician_employee/task/viewReceivedAssignments', 'TASK_VIEW_RECEIVED_ASSIGNMENTS'),
(67, '/technician_employee/request/detail', 'REQUSET_DETAIL'),
(68, '/technician_employee/createProductRequests', 'TECHEM_CREATE_PRODUCT_REQUEST'),
(69, '/warehouse_keeper/warehousekeeper_dashboard', 'WAREHOUSE_DASHBOARD'),
(70, '/warehouse_keeper/view_product_warehouse', 'WAREHOUSE_VIEW_PRODUCT_WAREHOUSE'),
(71, '/warehouse_keeper/view_product_detail', 'WAREHOUSE_VIEW_PRODUCT_DETAIL'),
(72, '/warehouse_keeper/view_inventory', 'WAREHOUSE_VIEW_INVENTORY'),
(73, '/warehouse_keeper/add_product', 'WAREHOUSE_ADD_PRODUCT'),
(74, '/warehouse_keeper/create_transfer_request', 'WAREHOUSE_CREATE_TRANSFER_REQUEST'),
(75, '/warehouse_keeper/view_warehouse_detail', 'WAREHOUSE_VIEW_WAREHOUSE_DETAIL'),
(76, '/warehouse_keeper/view_warehouse_product_requests', 'WAREHOUSE_VIEW_PRODUCT_REQUESTS'),
(77, '/warehouse_keeper/view_warehouse_request', 'WAREHOUSE_VIEW_WAREHOUSE_REQUEST'),
(78, '/warehouse_keeper/export_internal', 'WAREHOUSE_EXPORT_INTERNAL'),
(79, '/warehouse_keeper/view_imported_product', 'WAREHOUSE_VIEW_IMPORTED_PRODUCT'),
(80, '/warehouse_keeper/view_exported_product', 'WAREHOUSE_VIEW_EXPORTED_PRODUCT'),
(81, '/product/view_product_transaction', 'PRODUCT_VIEW_PRODUCT_TRANSACTION'),
(82, '/inventory_manager/inventorymanager_dashboard', 'INVENTORY_DASHBOARD'),
(83, '/inventory_manager/view_transfer_requests', 'INVENTORY_VIEW_TRANSFER_REQUESTS'),
(84, '/inventory_manager/view_product_requests', 'INVENTORY_VIEW_PRODUCT_REQUESTS'),
(85, '/unauthorized', 'UNAUTHORIZED'),
(86, '/contract/detail', 'CONTRACT_DETAIL');

-- Role Features
INSERT INTO RoleFeature (RoleFeatureID, RoleID, FeatureID) VALUES
(1, 3, 18),
(2, 3, 19),
(3, 4, 19),
(4, 5, 19),
(5, 6, 19),
(6, 7, 19),
(7, 3, 20),
(8, 4, 20),
(9, 5, 20),
(10, 6, 20),
(11, 7, 20),
(12, 5, 21),
(13, 3, 22),
(14, 2, 23),
(15, 2, 24),
(16, 2, 25),
(17, 2, 26),
(18, 2, 27),
(19, 2, 28),
(20, 2, 29),
(21, 2, 30),
(22, 2, 31),
(23, 2, 32),
(24, 2, 33),
(25, 2, 34),
(26, 3, 35),
(27, 3, 36),
(28, 3, 37),
(29, 3, 38),
(30, 3, 39),
(31, 3, 40),
(32, 3, 41),
(33, 3, 42),
(34, 3, 43),
(35, 3, 44),
(36, 3, 45),
(37, 3, 46),
(38, 3, 47),
(39, 5, 48),
(40, 5, 49),
(41, 5, 50),
(42, 5, 51),
(43, 5, 52),
(44, 5, 53),
(45, 5, 54),
(46, 5, 55),
(47, 5, 56),
(48, 5, 57),
(49, 5, 58),
(50, 6, 59),
(51, 6, 60),
(52, 6, 61),
(53, 6, 62),
(54, 6, 63),
(55, 6, 64),
(56, 6, 65),
(57, 6, 66),
(58, 6, 67),
(59, 6, 68),
(60, 4, 69),
(61, 4, 70),
(62, 4, 71),
(63, 4, 72),
(64, 4, 73),
(65, 4, 74),
(66, 4, 75),
(67, 4, 76),
(68, 4, 77),
(69, 4, 78),
(70, 4, 79),
(71, 4, 80),
(72, 4, 81),
(73, 7, 82),
(74, 7, 83),
(75, 7, 84),
(76, 2, 86),
(77, 3, 86);



    INSERT INTO Province (ProvinceID, ProvinceName) VALUES
                                                        (1, 'An Giang'),
                                                        (2, 'Bắc Ninh'),
                                                        (3, 'Cà Mau'),
                                                        (4, 'Cao Bằng'),
                                                        (5, 'Đắk Lắk'),
                                                        (6, 'Điện Biên'),
                                                        (7, 'Đồng Nai'),
                                                        (8, 'Đồng Tháp'),
                                                        (9, 'Gia Lai'),
                                                        (10, 'Hà Tĩnh'),
                                                        (11, 'Hưng Yên'),
                                                        (12, 'Khánh Hòa'),
                                                        (13, 'Lai Châu'),
                                                        (14, 'Lâm Đồng'),
                                                        (15, 'Lạng Sơn'),
                                                        (16, 'Lào Cai'),
                                                        (17, 'Nghệ An'),
                                                        (18, 'Ninh Bình'),
                                                        (19, 'Phú Thọ'),
                                                        (20, 'Quảng Ngãi'),
                                                        (21, 'Quảng Ninh'),
                                                        (22, 'Quảng Trị'),
                                                        (23, 'Sơn La'),
                                                        (24, 'Tây Ninh'),
                                                        (25, 'Thái Nguyên'),
                                                        (26, 'Thanh Hóa'),
                                                        (27, 'TP. Cần Thơ'),
                                                        (28, 'TP. Đà Nẵng'),
                                                        (29, 'TP. Hà Nội'),
                                                        (30, 'TP. Hải Phòng'),
                                                        (31, 'TP. Hồ Chí Minh'),
                                                        (32, 'TP. Huế'),
                                                        (33, 'Tuyên Quang'),
                                                        (34, 'Vĩnh Long');

-- Villages

    INSERT INTO Village (VillageID, VillageName, ProvinceID) VALUES
                                                                 (1, 'Phường Hoàn Kiếm', 29),
                                                                 (2, 'Phường Cửa Nam', 29),
                                                                 (3, 'Phường Ba Đình', 29),
                                                                 (4, 'Phường Ngọc Hà', 29),
                                                                 (5, 'Phường Giảng Võ', 29),
                                                                 (6, 'Phường Hai Bà Trưng', 29),
                                                                 (7, 'Phường Vĩnh Tuy', 29),
                                                                 (8, 'Phường Bạch Mai', 29),
                                                                 (9, 'Phường Đống Đa', 29),
                                                                 (10, 'Phường Kim Liên', 29),
                                                                 (11, 'Phường Văn Miếu - Quốc Tử Giám', 29),
                                                                 (12, 'Phường Láng', 29),
                                                                 (13, 'Phường Ô Chợ Dừa', 29),
                                                                 (14, 'Phường Hồng Hà', 29),
                                                                 (15, 'Phường Lĩnh Nam', 29),
                                                                 (16, 'Phường Hoàng Mai', 29),
                                                                 (17, 'Phường Vĩnh Hưng', 29),
                                                                 (18, 'Phường Tương Mai', 29),
                                                                 (19, 'Phường Định Công', 29),
                                                                 (20, 'Phường Hoàng Liệt', 29),
                                                                 (21, 'Phường Yên Sở', 29),
                                                                 (22, 'Phường Thanh Xuân', 29),
                                                                 (23, 'Phường Khương Đình', 29),
                                                                 (24, 'Phường Phương Liệt', 29),
                                                                 (25, 'Phường Cầu Giấy', 29),
                                                                 (26, 'Phường Nghĩa Đô', 29),
                                                                 (27, 'Phường Yên Hoà', 29),
                                                                 (28, 'Phường Tây Hồ', 29),
                                                                 (29, 'Phường Phú Thượng', 29),
                                                                 (30, 'Phường Tây Tựu', 29),
                                                                 (31, 'Phường Phú Diễn', 29),
                                                                 (32, 'Phường Xuân Đỉnh', 29),
                                                                 (33, 'Phường Đông Ngạc', 29),
                                                                 (34, 'Phường Thượng Cát', 29),
                                                                 (35, 'Phường Từ Liêm', 29),
                                                                 (36, 'Phường Xuân Phương', 29),
                                                                 (37, 'Phường Tây Mỗ', 29),
                                                                 (38, 'Phường Đại Mỗ', 29),
                                                                 (39, 'Phường Long Biên', 29),
                                                                 (40, 'Phường Bồ Đề', 29),
                                                                 (41, 'Phường Việt Hưng', 29),
                                                                 (42, 'Phường Phúc Lợi', 29),
                                                                 (43, 'Phường Hà Đông', 29),
                                                                 (44, 'Phường Dương Nội', 29),
                                                                 (45, 'Phường Yên Nghĩa', 29),
                                                                 (46, 'Phường Phú Lương', 29),
                                                                 (47, 'Phường Kiến Hưng', 29),
                                                                 (48, 'Xã Thanh Trì', 29),
                                                                 (49, 'Xã Đại Thanh', 29),
                                                                 (50, 'Xã Nam Phù', 29),
                                                                 (51, 'Xã Ngọc Hồi', 29),
                                                                 (52, 'Phường Thanh Liệt', 29),
                                                                 (53, 'Xã Thượng Phúc', 29),
                                                                 (54, 'Xã Thường Tín', 29),
                                                                 (55, 'Xã Chương Dương', 29),
                                                                 (56, 'Xã Hồng Vân', 29),
                                                                 (57, 'Xã Phú Xuyên', 29),
                                                                 (58, 'Xã Phượng Dực', 29),
                                                                 (59, 'Xã Chuyên Mỹ', 29),
                                                                 (60, 'Xã Đại Xuyên', 29),
                                                                 (61, 'Xã Thanh Oai', 29),
                                                                 (62, 'Xã Bình Minh', 29),
                                                                 (63, 'Xã Tam Hưng', 29),
                                                                 (64, 'Xã Dân Hoà', 29),
                                                                 (65, 'Xã Vân Đình', 29),
                                                                 (66, 'Xã Ứng Thiên', 29),
                                                                 (67, 'Xã Hoà Xá', 29),
                                                                 (68, 'Xã Ứng Hoà', 29),
                                                                 (69, 'Xã Mỹ Đức', 29),
                                                                 (70, 'Xã Hồng Sơn', 29),
                                                                 (71, 'Xã Phúc Sơn', 29),
                                                                 (72, 'Xã Hương Sơn', 29),
                                                                 (73, 'Phường Chương Mỹ', 29),
                                                                 (74, 'Xã Phú Nghĩa', 29),
                                                                 (75, 'Xã Xuân Mai', 29),
                                                                 (76, 'Xã Trần Phú', 29),
                                                                 (77, 'Xã Hoà Phú', 29),
                                                                 (78, 'Xã Quảng Bị', 29),
                                                                 (79, 'Xã Minh Châu', 29),
                                                                 (80, 'Xã Quảng Oai', 29),
                                                                 (81, 'Xã Vật Lại', 29),
                                                                 (82, 'Xã Cổ Đô', 29),
                                                                 (83, 'Xã Bất Bạt', 29),
                                                                 (84, 'Xã Suối Hai', 29),
                                                                 (85, 'Xã Ba Vì', 29),
                                                                 (86, 'Xã Yên Bài', 29),
                                                                 (87, 'Phường Sơn Tây', 29),
                                                                 (88, 'Phường Tùng Thiện', 29),
                                                                 (89, 'Xã Đoài Phương', 29),
                                                                 (90, 'Xã Phúc Thọ', 29),
                                                                 (91, 'Xã Phúc Lộc', 29),
                                                                 (92, 'Xã Hát Môn', 29),
                                                                 (93, 'Xã Thạch Thất', 29),
                                                                 (94, 'Xã Hạ Bằng', 29),
                                                                 (95, 'Xã Tây Phương', 29),
                                                                 (96, 'Xã Hoà Lạc', 29),
                                                                 (97, 'Xã Yên Xuân', 29),
                                                                 (98, 'Xã Quốc Oai', 29),
                                                                 (99, 'Xã Hưng Đạo', 29),
                                                                 (100, 'Xã Kiều Phú', 29),
                                                                 (101, 'Xã Phú Cát', 29),
                                                                 (102, 'Xã Hoài Đức', 29),
                                                                 (103, 'Xã Dương Hoà', 29),
                                                                 (104, 'Xã Sơn Đồng', 29),
                                                                 (105, 'Xã An Khánh', 29),
                                                                 (106, 'Xã Đan Phượng', 29),
                                                                 (107, 'Xã Ô Diên', 29),
                                                                 (108, 'Xã Liên Minh', 29),
                                                                 (109, 'Xã Gia Lâm', 29),
                                                                 (110, 'Xã Thuận An', 29),
                                                                 (111, 'Xã Bát Tràng', 29),
                                                                 (112, 'Xã Phù Đổng', 29),
                                                                 (113, 'Xã Thư Lâm', 29),
                                                                 (114, 'Xã Đông Anh', 29),
                                                                 (115, 'Xã Phúc Thịnh', 29),
                                                                 (116, 'Xã Thiên Lộc', 29),
                                                                 (117, 'Xã Vĩnh Thanh', 29),
                                                                 (118, 'Xã Mê Linh', 29),
                                                                 (119, 'Xã Yên Lãng', 29),
                                                                 (120, 'Xã Tiến Thắng', 29),
                                                                 (121, 'Xã Quang Minh', 29),
                                                                 (122, 'Xã Sóc Sơn', 29),
                                                                 (123, 'Xã Đa Phúc', 29),
                                                                 (124, 'Xã Nội Bài', 29),
                                                                 (125, 'Xã Trung Giã', 29),
                                                                 (126, 'Xã Kim Anh', 29),
                                                                 (127, 'Xã Đại Sơn', 2),
                                                                 (128, 'Xã Sơn Động', 2),
                                                                 (129, 'Xã Tây Yên Tử', 2),
                                                                 (130, 'Xã Dương Hưu', 2),
                                                                 (131, 'Xã Yên Định', 2),
                                                                 (132, 'Xã An Lạc', 2),
                                                                 (133, 'Xã Vân Sơn', 2),
                                                                 (134, 'Xã Biển Động', 2),
                                                                 (135, 'Xã Lục Ngạn', 2),
                                                                 (136, 'Xã Đèo Gia', 2),
                                                                 (137, 'Xã Sơn Hải', 2),
                                                                 (138, 'Xã Tân Sơn', 2),
                                                                 (139, 'Xã Biên Sơn', 2),
                                                                 (140, 'Xã Sa Lý', 2),
                                                                 (141, 'Xã Nam Dương', 2),
                                                                 (142, 'Xã Kiên Lao', 2),
                                                                 (143, 'Phường Chũ', 2),
                                                                 (144, 'Phường Phượng Sơn', 2),
                                                                 (145, 'Xã Lục Sơn', 2),
                                                                 (146, 'Xã Trường Sơn', 2),
                                                                 (147, 'Xã Cẩm Lý', 2),
                                                                 (148, 'Xã Đông Phú', 2),
                                                                 (149, 'Xã Nghĩa Phương', 2),
                                                                 (150, 'Xã Lục Nam', 2),
                                                                 (151, 'Xã Bắc Lũng', 2),
                                                                 (152, 'Xã Bảo Đài', 2),
                                                                 (153, 'Xã Lạng Giang', 2),
                                                                 (154, 'Xã Mỹ Thái', 2),
                                                                 (155, 'Xã Kép', 2),
                                                                 (156, 'Xã Tân Dĩnh', 2),
                                                                 (157, 'Xã Tiên Lục', 2),
                                                                 (158, 'Xã Yên Thế', 2),
                                                                 (159, 'Xã Bố Hạ', 2),
                                                                 (160, 'Xã Đồng Kỳ', 2),
                                                                 (161, 'Xã Xuân Lương', 2),
                                                                 (162, 'Xã Tam Tiến', 2),
                                                                 (163, 'Xã Tân Yên', 2),
                                                                 (164, 'Xã Ngọc Thiện', 2),
                                                                 (165, 'Xã Nhã Nam', 2),
                                                                 (166, 'Xã Phúc Hoà', 2),
                                                                 (167, 'Xã Quang Trung', 2),
                                                                 (168, 'Xã Hợp Thịnh', 2),
                                                                 (169, 'Xã Hiệp Hoà', 2),
                                                                 (170, 'Xã Hoàng Vân', 2),
                                                                 (171, 'Xã Xuân Cẩm', 2),
                                                                 (172, 'Phường Tự Lạn', 2),
                                                                 (173, 'Phường Việt Yên', 2),
                                                                 (174, 'Phường Nếnh', 2),
                                                                 (175, 'Phường Vân Hà', 2),
                                                                 (176, 'Xã Đồng Việt', 2),
                                                                 (177, 'Phường Bắc Giang', 2),
                                                                 (178, 'Phường Đa Mai', 2),
                                                                 (179, 'Phường Tiền Phong', 2),
                                                                 (180, 'Phường Tân An', 2),
                                                                 (181, 'Phường Yên Dũng', 2),
                                                                 (182, 'Phường Tân Tiến', 2),
                                                                 (183, 'Phường Cảnh Thụy', 2),
                                                                 (184, 'Phường Kinh Bắc', 2),
                                                                 (185, 'Phường Võ Cường', 2),
                                                                 (186, 'Phường Vũ Ninh', 2),
                                                                 (187, 'Phường Hạp Lĩnh', 2),
                                                                 (188, 'Phường Nam Sơn', 2),
                                                                 (189, 'Phường Từ Sơn', 2),
                                                                 (190, 'Phường Tam Sơn', 2),
                                                                 (191, 'Phường Đồng Nguyên', 2),
                                                                 (192, 'Phường Phù Khê', 2),
                                                                 (193, 'Phường Thuận Thành', 2),
                                                                 (194, 'Phường Mão Điền', 2),
                                                                 (195, 'Phường Trạm Lộ', 2),
                                                                 (196, 'Phường Trí Quả', 2),
                                                                 (197, 'Phường Song Liễu', 2),
                                                                 (198, 'Phường Ninh Xá', 2),
                                                                 (199, 'Phường Quế Võ', 2),
                                                                 (200, 'Phường Phương Liễu', 2),
                                                                 (201, 'Phường Nhân Hoà', 2),
                                                                 (202, 'Phường Đào Viên', 2),
                                                                 (203, 'Phường Bồng Lai', 2),
                                                                 (204, 'Xã Chi Lăng', 2),
                                                                 (205, 'Xã Phù Lãng', 2),
                                                                 (206, 'Xã Yên Phong', 2),
                                                                 (207, 'Xã Văn Môn', 2),
                                                                 (208, 'Xã Tam Giang', 2),
                                                                 (209, 'Xã Yên Trung', 2),
                                                                 (210, 'Xã Tam Đa', 2),
                                                                 (211, 'Xã Tiên Du', 2),
                                                                 (212, 'Xã Liên Bão', 2),
                                                                 (213, 'Xã Tân Chi', 2),
                                                                 (214, 'Xã Đại Đồng', 2),
                                                                 (215, 'Xã Phật Tích', 2),
                                                                 (216, 'Xã Gia Bình', 2),
                                                                 (217, 'Xã Nhân Thắng', 2),
                                                                 (218, 'Xã Đại Lai', 2),
                                                                 (219, 'Xã Cao Đức', 2),
                                                                 (220, 'Xã Đông Cứu', 2),
                                                                 (221, 'Xã Lương Tài', 2),
                                                                 (222, 'Xã Lâm Thao', 2),
                                                                 (223, 'Xã Trung Chính', 2),
                                                                 (224, 'Xã Trung Kênh', 2),
                                                                 (225, 'Xã Tuấn Đạo', 2),
                                                                 (226, 'Phường An Sinh', 21),
                                                                 (227, 'Phường Đông Triều', 21),
                                                                 (228, 'Phường Bình Khê', 21),
                                                                 (229, 'Phường Mạo Khê', 21),
                                                                 (230, 'Phường Hoàng Quế', 21),
                                                                 (231, 'Phường Yên Tử', 21),
                                                                 (232, 'Phường Vàng Danh', 21),
                                                                 (233, 'Phường Uông Bí', 21),
                                                                 (234, 'Phường Đông Mai', 21),
                                                                 (235, 'Phường Hiệp Hoà', 21),
                                                                 (236, 'Phường Quảng Yên', 21),
                                                                 (237, 'Phường Hà An', 21),
                                                                 (238, 'Phường Phong Cốc', 21),
                                                                 (239, 'Phường Liên Hoà', 21),
                                                                 (240, 'Phường Tuần Châu', 21),
                                                                 (241, 'Phường Việt Hưng', 21),
                                                                 (242, 'Phường Bãi Cháy', 21),
                                                                 (243, 'Phường Hà Tu', 21),
                                                                 (244, 'Phường Hà Lầm', 21),
                                                                 (245, 'Phường Cao Xanh', 21),
                                                                 (246, 'Phường Hồng Gai', 21),
                                                                 (247, 'Phường Hạ Long', 21),
                                                                 (248, 'Phường Hoành Bồ', 21),
                                                                 (249, 'Xã Quảng La', 21),
                                                                 (250, 'Xã Thống Nhất', 21),
                                                                 (251, 'Phường Mông Dương', 21),
                                                                 (252, 'Phường Quang Hanh', 21),
                                                                 (253, 'Phường Cẩm Phả', 21),
                                                                 (254, 'Phường Cửa Ông', 21),
                                                                 (255, 'Xã Hải Hoà', 21),
                                                                 (256, 'Xã Tiên Yên', 21),
                                                                 (257, 'Xã Điền Xá', 21),
                                                                 (258, 'Xã Đông Ngũ', 21),
                                                                 (259, 'Xã Hải Lạng', 21),
                                                                 (260, 'Xã Lương Minh', 21),
                                                                 (261, 'Xã Kỳ Thượng', 21),
                                                                 (262, 'Xã Ba Chẽ', 21),
                                                                 (263, 'Xã Quảng Tân', 21),
                                                                 (264, 'Xã Đầm Hà', 21),
                                                                 (265, 'Xã Quảng Hà', 21),
                                                                 (266, 'Xã Đường Hoa', 21),
                                                                 (267, 'Xã Quảng Đức', 21),
                                                                 (268, 'Xã Hoành Mô', 21),
                                                                 (269, 'Xã Lục Hồn', 21),
                                                                 (270, 'Xã Bình Liêu', 21),
                                                                 (271, 'Xã Hải Sơn', 21),
                                                                 (272, 'Xã Hải Ninh', 21),
                                                                 (273, 'Xã Vĩnh Thực', 21),
                                                                 (274, 'Phường Móng Cái 1', 21),
                                                                 (275, 'Phường Móng Cái 2', 21),
                                                                 (276, 'Phường Móng Cái 3', 21),
                                                                 (277, 'Đặc khu Vân Đồn', 21),
                                                                 (278, 'Đặc khu Cô Tô', 21),
                                                                 (279, 'Xã Cái Chiên', 21),
                                                                 (280, 'Phường Thuỷ Nguyên', 30),
                                                                 (281, 'Phường Thiên Hương', 30),
                                                                 (282, 'Phường Hoà Bình', 30),
                                                                 (283, 'Phường Nam Triệu', 30),
                                                                 (284, 'Phường Bạch Đằng', 30),
                                                                 (285, 'Phường Lưu Kiếm', 30),
                                                                 (286, 'Phường Lê Ích Mộc', 30),
                                                                 (287, 'Phường Hồng Bàng', 30),
                                                                 (288, 'Phường Hồng An', 30),
                                                                 (289, 'Phường Ngô Quyền', 30),
                                                                 (290, 'Phường Gia Viên', 30),
                                                                 (291, 'Phường Lê Chân', 30),
                                                                 (292, 'Phường An Biên', 30),
                                                                 (293, 'Phường Hải An', 30),
                                                                 (294, 'Phường Đông Hải', 30),
                                                                 (295, 'Phường Kiến An', 30),
                                                                 (296, 'Phường Phù Liễn', 30),
                                                                 (297, 'Phường Nam Đồ Sơn', 30),
                                                                 (298, 'Phường Đồ Sơn', 30),
                                                                 (299, 'Phường Hưng Đạo', 30),
                                                                 (300, 'Phường Dương Kinh', 30),
                                                                 (301, 'Phường An Dương', 30),
                                                                 (302, 'Phường An Hải', 30),
                                                                 (303, 'Phường An Phong', 30),
                                                                 (304, 'Xã An Hưng', 30),
                                                                 (305, 'Xã An Khánh', 30),
                                                                 (306, 'Xã An Quang', 30),
                                                                 (307, 'Xã An Trường', 30),
                                                                 (308, 'Xã An Lão', 30),
                                                                 (309, 'Xã Kiến Thụy', 30),
                                                                 (310, 'Xã Kiến Minh', 30),
                                                                 (311, 'Xã Kiến Hải', 30),
                                                                 (312, 'Xã Kiến Hưng', 30),
                                                                 (313, 'Xã Nghi Dương', 30),
                                                                 (314, 'Xã Quyết Thắng', 30),
                                                                 (315, 'Xã Tiên Lãng', 30),
                                                                 (316, 'Xã Tân Minh', 30),
                                                                 (317, 'Xã Tiên Minh', 30),
                                                                 (318, 'Xã Chấn Hưng', 30),
                                                                 (319, 'Xã Hùng Thắng', 30),
                                                                 (320, 'Xã Vĩnh Bảo', 30),
                                                                 (321, 'Xã Nguyễn Bỉnh Khiêm', 30),
                                                                 (322, 'Xã Vĩnh Am', 30),
                                                                 (323, 'Xã Vĩnh Hải', 30),
                                                                 (324, 'Xã Vĩnh Hoà', 30),
                                                                 (325, 'Xã Vĩnh Thịnh', 30),
                                                                 (326, 'Xã Vĩnh Thuận', 30),
                                                                 (327, 'Xã Việt Khê', 30),
                                                                 (328, 'Đặc khu Cát Hải', 30),
                                                                 (329, 'Đặc khu Bạch Long Vĩ', 30),
                                                                 (330, 'Phường Hải Dương', 30),
                                                                 (331, 'Phường Lê Thanh Nghị', 30),
                                                                 (332, 'Phường Việt Hoà', 30),
                                                                 (333, 'Phường Thành Đông', 30),
                                                                 (334, 'Phường Nam Đồng', 30),
                                                                 (335, 'Phường Tân Hưng', 30),
                                                                 (336, 'Phường Thạch Khôi', 30),
                                                                 (337, 'Phường Tứ Minh', 30),
                                                                 (338, 'Phường Ái Quốc', 30),
                                                                 (339, 'Phường Chu Văn An', 30),
                                                                 (340, 'Phường Chí Linh', 30),
                                                                 (341, 'Phường Trần Hưng Đạo', 30),
                                                                 (342, 'Phường Nguyễn Trãi', 30),
                                                                 (343, 'Phường Trần Nhân Tông', 30),
                                                                 (344, 'Phường Lê Đại Hành', 30),
                                                                 (345, 'Phường Kinh Môn', 30),
                                                                 (346, 'Phường Nguyễn Đại Năng', 30),
                                                                 (347, 'Phường Trần Liễu', 30),
                                                                 (348, 'Phường Bắc An Phụ', 30),
                                                                 (349, 'Phường Phạm Sư Mạnh', 30),
                                                                 (350, 'Phường Nhị Chiểu', 30),
                                                                 (351, 'Xã Nam An Phụ', 30),
                                                                 (352, 'Xã Nam Sách', 30),
                                                                 (353, 'Xã Thái Tân', 30),
                                                                 (354, 'Xã Hợp Tiến', 30),
                                                                 (355, 'Xã Trần Phú', 30),
                                                                 (356, 'Xã An Phú', 30),
                                                                 (357, 'Xã Thanh Hà', 30),
                                                                 (358, 'Xã Hà Tây', 30),
                                                                 (359, 'Xã Hà Bắc', 30),
                                                                 (360, 'Xã Hà Nam', 30),
                                                                 (361, 'Xã Hà Đông', 30),
                                                                 (362, 'Xã Cẩm Giang', 30),
                                                                 (363, 'Xã Tuệ Tĩnh', 30),
                                                                 (364, 'Xã Mao Điền', 30),
                                                                 (365, 'Xã Cẩm Giàng', 30),
                                                                 (366, 'Xã Kẻ Sặt', 30),
                                                                 (367, 'Xã Bình Giang', 30),
                                                                 (368, 'Xã Đường An', 30),
                                                                 (369, 'Xã Thượng Hồng', 30),
                                                                 (370, 'Xã Gia Lộc', 30),
                                                                 (371, 'Xã Yết Kiêu', 30),
                                                                 (372, 'Xã Gia Phúc', 30),
                                                                 (373, 'Xã Trường Tân', 30),
                                                                 (374, 'Xã Tứ Kỳ', 30),
                                                                 (375, 'Xã Tân Kỳ', 30),
                                                                 (376, 'Xã Đại Sơn', 30),
                                                                 (377, 'Xã Chí Minh', 30),
                                                                 (378, 'Xã Lạc Phượng', 30),
                                                                 (379, 'Xã Nguyên Giáp', 30),
                                                                 (380, 'Xã Ninh Giang', 30),
                                                                 (381, 'Xã Vĩnh Lại', 30),
                                                                 (382, 'Xã Khúc Thừa Dụ', 30),
                                                                 (383, 'Xã Tân An', 30),
                                                                 (384, 'Xã Hồng Châu', 30),
                                                                 (385, 'Xã Thanh Miện', 30),
                                                                 (386, 'Xã Bắc Thanh Miện', 30),
                                                                 (387, 'Xã Hải Hưng', 30),
                                                                 (388, 'Xã Nguyễn Lương Bằng', 30),
                                                                 (389, 'Xã Nam Thanh Miện', 30),
                                                                 (390, 'Xã Phú Thái', 30),
                                                                 (391, 'Xã Lai Khê', 30),
                                                                 (392, 'Xã An Thành', 30),
                                                                 (393, 'Xã Kim Thành', 30),
                                                                 (394, 'Phường Phố Hiến', 11),
                                                                 (395, 'Phường Sơn Nam', 11),
                                                                 (396, 'Phường Hồng Châu', 11),
                                                                 (397, 'Phường Mỹ Hào', 11),
                                                                 (398, 'Phường Đường Hào', 11),
                                                                 (399, 'Phường Thượng Hồng', 11),
                                                                 (400, 'Xã Tân Hưng', 11),
                                                                 (401, 'Xã Hoàng Hoa Thám', 11),
                                                                 (402, 'Xã Tiên Lữ', 11),
                                                                 (403, 'Xã Tiên Hoa', 11),
                                                                 (404, 'Xã Quang Hưng', 11),
                                                                 (405, 'Xã Đoàn Đào', 11),
                                                                 (406, 'Xã Tiên Tiến', 11),
                                                                 (407, 'Xã Tống Trân', 11),
                                                                 (408, 'Xã Lương Bằng', 11),
                                                                 (409, 'Xã Nghĩa Dân', 11),
                                                                 (410, 'Xã Hiệp Cường', 11),
                                                                 (411, 'Xã Đức Hợp', 11),
                                                                 (412, 'Xã Ân Thi', 11),
                                                                 (413, 'Xã Xuân Trúc', 11),
                                                                 (414, 'Xã Phạm Ngũ Lão', 11),
                                                                 (415, 'Xã Nguyễn Trãi', 11),
                                                                 (416, 'Xã Hồng Quang', 11),
                                                                 (417, 'Xã Khoái Châu', 11),
                                                                 (418, 'Xã Triệu Việt Vương', 11),
                                                                 (419, 'Xã Việt Tiến', 11),
                                                                 (420, 'Xã Chí Minh', 11),
                                                                 (421, 'Xã Châu Ninh', 11),
                                                                 (422, 'Xã Yên Mỹ', 11),
                                                                 (423, 'Xã Việt Yên', 11),
                                                                 (424, 'Xã Hoàn Long', 11),
                                                                 (425, 'Xã Nguyễn Văn Linh', 11),
                                                                 (426, 'Xã Như Quỳnh', 11),
                                                                 (427, 'Xã Lạc Đạo', 11),
                                                                 (428, 'Xã Đại Đồng', 11),
                                                                 (429, 'Xã Nghĩa Trụ', 11),
                                                                 (430, 'Xã Phụng Công', 11),
                                                                 (431, 'Xã Văn Giang', 11),
                                                                 (432, 'Xã Mễ Sở', 11),
                                                                 (433, 'Phường Thái Bình', 11),
                                                                 (434, 'Phường Trần Lãm', 11),
                                                                 (435, 'Phường Trần Hưng Đạo', 11),
                                                                 (436, 'Phường Trà Lý', 11),
                                                                 (437, 'Phường Vũ Phúc', 11),
                                                                 (438, 'Xã Thái Thụy', 11),
                                                                 (439, 'Xã Đông Thụy Anh', 11),
                                                                 (440, 'Xã Bắc Thụy Anh', 11),
                                                                 (441, 'Xã Thụy Anh', 11),
                                                                 (442, 'Xã Nam Thụy Anh', 11),
                                                                 (443, 'Xã Bắc Thái Ninh', 11),
                                                                 (444, 'Xã Thái Ninh', 11),
                                                                 (445, 'Xã Đông Thái Ninh', 11),
                                                                 (446, 'Xã Nam Thái Ninh', 11),
                                                                 (447, 'Xã Tây Thái Ninh', 11),
                                                                 (448, 'Xã Tây Thụy Anh', 11),
                                                                 (449, 'Xã Tiền Hải', 11),
                                                                 (450, 'Xã Tây Tiền Hải', 11),
                                                                 (451, 'Xã Ái Quốc', 11),
                                                                 (452, 'Xã Đồng Châu', 11),
                                                                 (453, 'Xã Đông Tiền Hải', 11),
                                                                 (454, 'Xã Nam Cường', 11),
                                                                 (455, 'Xã Hưng Phú', 11),
                                                                 (456, 'Xã Nam Tiền Hải', 11),
                                                                 (457, 'Xã Quỳnh Phụ', 11),
                                                                 (458, 'Xã Minh Thọ', 11),
                                                                 (459, 'Xã Nguyễn Du', 11),
                                                                 (460, 'Xã Quỳnh An', 11),
                                                                 (461, 'Xã Ngọc Lâm', 11),
                                                                 (462, 'Xã Đồng Bằng', 11),
                                                                 (463, 'Xã A Sào', 11),
                                                                 (464, 'Xã Phụ Dực', 11),
                                                                 (465, 'Xã Tân Tiến', 11),
                                                                 (466, 'Xã Hưng Hà', 11),
                                                                 (467, 'Xã Tiên La', 11),
                                                                 (468, 'Xã Lê Quý Đôn', 11),
                                                                 (469, 'Xã Hồng Minh', 11),
                                                                 (470, 'Xã Thần Khê', 11),
                                                                 (471, 'Xã Diên Hà', 11),
                                                                 (472, 'Xã Ngự Thiên', 11),
                                                                 (473, 'Xã Long Hưng', 11),
                                                                 (474, 'Xã Đông Hưng', 11),
                                                                 (475, 'Xã Bắc Tiên Hưng', 11),
                                                                 (476, 'Xã Đông Tiên Hưng', 11),
                                                                 (477, 'Xã Nam Đông Hưng', 11),
                                                                 (478, 'Xã Bắc Đông Quan', 11),
                                                                 (479, 'Xã Bắc Đông Hưng', 11),
                                                                 (480, 'Xã Đông Quan', 11),
                                                                 (481, 'Xã Nam Tiên Hưng', 11),
                                                                 (482, 'Xã Tiên Hưng', 11),
                                                                 (483, 'Xã Lê Lợi', 11),
                                                                 (484, 'Xã Kiến Xương', 11),
                                                                 (485, 'Xã Quang Lịch', 11),
                                                                 (486, 'Xã Vũ Quý', 11),
                                                                 (487, 'Xã Bình Thanh', 11),
                                                                 (488, 'Xã Bình Định', 11),
                                                                 (489, 'Xã Hồng Vũ', 11),
                                                                 (490, 'Xã Bình Nguyên', 11),
                                                                 (491, 'Xã Trà Giang', 11),
                                                                 (492, 'Xã Vũ Thư', 11),
                                                                 (493, 'Xã Thư Trì', 11),
                                                                 (494, 'Xã Tân Thuận', 11),
                                                                 (495, 'Xã Thư Vũ', 11),
                                                                 (496, 'Xã Vũ Tiên', 11),
                                                                 (497, 'Xã Vạn Xuân', 11),
                                                                 (588, 'Xã Gia Viễn', 18),
                                                                 (589, 'Xã Đại Hoàng', 18),
                                                                 (590, 'Xã Gia Hưng', 18),
                                                                 (591, 'Xã Gia Phong', 18),
                                                                 (592, 'Xã Gia Vân', 18),
                                                                 (593, 'Xã Gia Trấn', 18),
                                                                 (594, 'Xã Nho Quan', 18),
                                                                 (595, 'Xã Gia Lâm', 18),
                                                                 (596, 'Xã Gia Tường', 18),
                                                                 (597, 'Xã Phú Sơn', 18),
                                                                 (598, 'Xã Cúc Phương', 18),
                                                                 (599, 'Xã Phú Long', 18),
                                                                 (600, 'Xã Thanh Sơn', 18),
                                                                 (601, 'Xã Quỳnh Lưu', 18),
                                                                 (602, 'Xã Yên Khánh', 18),
                                                                 (603, 'Xã Khánh Nhạc', 18),
                                                                 (604, 'Xã Khánh Thiện', 18),
                                                                 (605, 'Xã Khánh Hội', 18),
                                                                 (606, 'Xã Khánh Trung', 18),
                                                                 (607, 'Xã Yên Mô', 18),
                                                                 (608, 'Xã Yên Từ', 18),
                                                                 (609, 'Xã Yên Mạc', 18),
                                                                 (610, 'Xã Đồng Thái', 18),
                                                                 (611, 'Xã Chất Bình', 18),
                                                                 (612, 'Xã Kim Sơn', 18),
                                                                 (613, 'Xã Quang Thiện', 18),
                                                                 (614, 'Xã Phát Diệm', 18),
                                                                 (615, 'Xã Lai Thành', 18),
                                                                 (616, 'Xã Định Hóa', 18),
                                                                 (617, 'Xã Bình Minh', 18),
                                                                 (618, 'Xã Kim Đông', 18),
                                                                 (555, 'Xã Bình Lục', 18),
                                                                 (556, 'Xã Bình Mỹ', 18),
                                                                 (557, 'Xã Bình An', 18),
                                                                 (558, 'Xã Bình Giang', 18),
                                                                 (559, 'Xã Bình Sơn', 18),
                                                                 (560, 'Xã Liêm Hà', 18),
                                                                 (561, 'Xã Tân Thanh', 18),
                                                                 (562, 'Xã Thanh Bình', 18),
                                                                 (563, 'Xã Thanh Lâm', 18),
                                                                 (564, 'Xã Thanh Liêm', 18),
                                                                 (565, 'Xã Lý Nhân', 18),
                                                                 (566, 'Xã Nam Xang', 18),
                                                                 (567, 'Xã Bắc Lý', 18),
                                                                 (568, 'Xã Vĩnh Trụ', 18),
                                                                 (569, 'Xã Trần Thương', 18),
                                                                 (570, 'Xã Nhân Hà', 18),
                                                                 (571, 'Xã Nam Lý', 18),
                                                                 (498, 'Xã Nam Trực', 18),
                                                                 (499, 'Xã Nam Minh', 18),
                                                                 (500, 'Xã Nam Đồng', 18),
                                                                 (501, 'Xã Nam Ninh', 18),
                                                                 (502, 'Xã Nam Hồng', 18),
                                                                 (503, 'Xã Minh Tân', 18),
                                                                 (504, 'Xã Hiển Khánh', 18),
                                                                 (505, 'Xã Vụ Bản', 18),
                                                                 (506, 'Xã Liên Minh', 18),
                                                                 (507, 'Xã Ý Yên', 18),
                                                                 (508, 'Xã Yên Đồng', 18),
                                                                 (509, 'Xã Yên Cường', 18),
                                                                 (510, 'Xã Vạn Thắng', 18),
                                                                 (511, 'Xã Vũ Dương', 18),
                                                                 (512, 'Xã Tân Minh', 18),
                                                                 (513, 'Xã Phong Doanh', 18),
                                                                 (514, 'Xã Cổ Lễ', 18),
                                                                 (515, 'Xã Ninh Giang', 18),
                                                                 (516, 'Xã Cát Thành', 18),
                                                                 (517, 'Xã Trực Ninh', 18),
                                                                 (518, 'Xã Quang Hưng', 18),
                                                                 (519, 'Xã Minh Thái', 18),
                                                                 (520, 'Xã Ninh Cường', 18),
                                                                 (521, 'Xã Xuân Trường', 18),
                                                                 (522, 'Xã Xuân Hưng', 18),
                                                                 (523, 'Xã Xuân Giang', 18),
                                                                 (524, 'Xã Xuân Hồng', 18),
                                                                 (525, 'Xã Hải Hậu', 18),
                                                                 (526, 'Xã Hải Anh', 18),
                                                                 (527, 'Xã Hải Tiến', 18),
                                                                 (528, 'Xã Hải Hưng', 18),
                                                                 (529, 'Xã Hải An', 18),
                                                                 (530, 'Xã Hải Quang', 18),
                                                                 (531, 'Xã Hải Xuân', 18),
                                                                 (532, 'Xã Hải Thịnh', 18),
                                                                 (533, 'Xã Giao Minh', 18),
                                                                 (534, 'Xã Giao Hoà', 18),
                                                                 (535, 'Xã Giao Thuỷ', 18),
                                                                 (536, 'Xã Giao Phúc', 18),
                                                                 (537, 'Xã Giao Hưng', 18),
                                                                 (538, 'Xã Giao Bình', 18),
                                                                 (539, 'Xã Giao Ninh', 18),
                                                                 (540, 'Xã Đồng Thịnh', 18),
                                                                 (541, 'Xã Nghĩa Hưng', 18),
                                                                 (542, 'Xã Nghĩa Sơn', 18),
                                                                 (543, 'Xã Hồng Phong', 18),
                                                                 (544, 'Xã Quỹ Nhất', 18),
                                                                 (545, 'Xã Nghĩa Lâm', 18),
                                                                 (546, 'Xã Rạng Đông', 18),
                                                                 (619, 'Phường Tây Hoa Lư', 18),
                                                                 (620, 'Phường Hoa Lư', 18),
                                                                 (621, 'Phường Nam Hoa Lư', 18),
                                                                 (622, 'Phường Đông Hoa Lư', 18),
                                                                 (623, 'Phường Tam Điệp', 18),
                                                                 (624, 'Phường Yên Sơn', 18),
                                                                 (625, 'Phường Trung Sơn', 18),
                                                                 (626, 'Phường Yên Thắng', 18),
                                                                 (572, 'Phường Hà Nam', 18),
                                                                 (573, 'Phường Phủ Lý', 18),
                                                                 (574, 'Phường Phù Vân', 18),
                                                                 (575, 'Phường Châu Sơn', 18),
                                                                 (576, 'Phường Liêm Tuyền', 18),
                                                                 (577, 'Phường Duy Tiên', 18),
                                                                 (578, 'Phường Duy Tân', 18),
                                                                 (579, 'Phường Đồng Văn', 18),
                                                                 (580, 'Phường Duy Hà', 18),
                                                                 (581, 'Phường Tiên Sơn', 18),
                                                                 (582, 'Phường Lê Hồ', 18),
                                                                 (583, 'Phường Nguyễn Úy', 18),
                                                                 (584, 'Phường Lý Thường Kiệt', 18),
                                                                 (585, 'Phường Kim Thanh', 18),
                                                                 (586, 'Phường Tam Chúc', 18),
                                                                 (587, 'Phường Kim Bảng', 18),
                                                                 (547, 'Phường Nam Định', 18),
                                                                 (548, 'Phường Thiên Trường', 18),
                                                                 (549, 'Phường Đông A', 18),
                                                                 (550, 'Phường Vị Khê', 18),
                                                                 (551, 'Phường Thành Nam', 18),
                                                                 (552, 'Phường Trường Thi', 18),
                                                                 (553, 'Phường Hồng Quang', 18),
                                                                 (554, 'Phường Mỹ Lộc', 18),
                                                                 (627, 'Phường Thục Phán', 4),
                                                                 (628, 'Phường Nùng Trí Cao', 4),
                                                                 (629, 'Phường Tân Giang', 4),
                                                                 (630, 'Xã Quảng Lâm', 4),
                                                                 (631, 'Xã Nam Quang', 4),
                                                                 (632, 'Xã Lý Bôn', 4),
                                                                 (633, 'Xã Bảo Lâm', 4),
                                                                 (634, 'Xã Yên Thổ', 4),
                                                                 (635, 'Xã Sơn Lộ', 4),
                                                                 (636, 'Xã Hưng Đạo', 4),
                                                                 (637, 'Xã Bảo Lạc', 4),
                                                                 (638, 'Xã Cốc Pàng', 4),
                                                                 (639, 'Xã Cô Ba', 4),
                                                                 (640, 'Xã Khánh Xuân', 4),
                                                                 (641, 'Xã Xuân Trường', 4),
                                                                 (642, 'Xã Huy Giáp', 4),
                                                                 (643, 'Xã Ca Thành', 4),
                                                                 (644, 'Xã Phan Thanh', 4),
                                                                 (645, 'Xã Thành Công', 4),
                                                                 (646, 'Xã Tĩnh Túc', 4),
                                                                 (647, 'Xã Tam Kim', 4),
                                                                 (648, 'Xã Nguyên Bình', 4),
                                                                 (649, 'Xã Minh Tâm', 4),
                                                                 (650, 'Xã Thanh Long', 4),
                                                                 (651, 'Xã Cần Yên', 4),
                                                                 (652, 'Xã Thông Nông', 4),
                                                                 (653, 'Xã Trường Hà', 4),
                                                                 (654, 'Xã Hà Quảng', 4),
                                                                 (655, 'Xã Lũng Nặm', 4),
                                                                 (656, 'Xã Tổng Cọt', 4),
                                                                 (657, 'Xã Nam Tuấn', 4),
                                                                 (658, 'Xã Hoà An', 4),
                                                                 (659, 'Xã Bạch Đằng', 4),
                                                                 (660, 'Xã Nguyễn Huệ', 4),
                                                                 (661, 'Xã Minh Khai', 4),
                                                                 (662, 'Xã Canh Tân', 4),
                                                                 (663, 'Xã Kim Đồng', 4),
                                                                 (664, 'Xã Thạch An', 4),
                                                                 (665, 'Xã Đông Khê', 4),
                                                                 (666, 'Xã Đức Long', 4),
                                                                 (667, 'Xã Phục Hoà', 4),
                                                                 (668, 'Xã Bế Văn Đàn', 4),
                                                                 (669, 'Xã Độc Lập', 4),
                                                                 (670, 'Xã Quảng Uyên', 4),
                                                                 (671, 'Xã Hạnh Phúc', 4),
                                                                 (672, 'Xã Quang Hán', 4),
                                                                 (673, 'Xã Trà Lĩnh', 4),
                                                                 (674, 'Xã Quang Trung', 4),
                                                                 (675, 'Xã Đoài Dương', 4),
                                                                 (676, 'Xã Trùng Khánh', 4),
                                                                 (677, 'Xã Đàm Thuỷ', 4),
                                                                 (678, 'Xã Đình Phong', 4),
                                                                 (679, 'Xã Lý Quốc', 4),
                                                                 (680, 'Xã Hạ Lang', 4),
                                                                 (681, 'Xã Vinh Quý', 4),
                                                                 (682, 'Xã Quang Long', 4),
                                                                 (683, 'Xã Thượng Lâm', 33),
                                                                 (684, 'Xã Lâm Bình', 33),
                                                                 (685, 'Xã Minh Quang', 33),
                                                                 (686, 'Xã Bình An', 33),
                                                                 (687, 'Xã Côn Lôn', 33),
                                                                 (688, 'Xã Yên Hoa', 33),
                                                                 (689, 'Xã Thượng Nông', 33),
                                                                 (690, 'Xã Hồng Thái', 33),
                                                                 (691, 'Xã Nà Hang', 33),
                                                                 (692, 'Xã Tân Mỹ', 33),
                                                                 (693, 'Xã Yên Lập', 33),
                                                                 (694, 'Xã Tân An', 33),
                                                                 (695, 'Xã Chiêm Hoá', 33),
                                                                 (696, 'Xã Hoà An', 33),
                                                                 (697, 'Xã Kiên Đài', 33),
                                                                 (698, 'Xã Tri Phú', 33),
                                                                 (699, 'Xã Kim Bình', 33),
                                                                 (700, 'Xã Yên Nguyên', 33),
                                                                 (701, 'Xã Trung Hà', 33),
                                                                 (702, 'Xã Yên Phú', 33),
                                                                 (703, 'Xã Bạch Xa', 33),
                                                                 (704, 'Xã Phù Lưu', 33),
                                                                 (705, 'Xã Hàm Yên', 33),
                                                                 (706, 'Xã Bình Xa', 33),
                                                                 (707, 'Xã Thái Sơn', 33),
                                                                 (708, 'Xã Thái Hoà', 33),
                                                                 (709, 'Xã Hùng Đức', 33),
                                                                 (710, 'Xã Hùng Lợi', 33),
                                                                 (711, 'Xã Trung Sơn', 33),
                                                                 (712, 'Xã Thái Bình', 33),
                                                                 (713, 'Xã Tân Long', 33),
                                                                 (714, 'Xã Xuân Vân', 33),
                                                                 (715, 'Xã Lực Hành', 33),
                                                                 (716, 'Xã Yên Sơn', 33),
                                                                 (717, 'Xã Nhữ Khê', 33),
                                                                 (718, 'Xã Kiến Thiết', 33),
                                                                 (719, 'Xã Tân Trào', 33),
                                                                 (720, 'Xã Minh Thanh', 33),
                                                                 (721, 'Xã Sơn Dương', 33),
                                                                 (722, 'Xã Bình Ca', 33),
                                                                 (723, 'Xã Tân Thanh', 33),
                                                                 (724, 'Xã Sơn Thuỷ', 33),
                                                                 (725, 'Xã Phú Lương', 33),
                                                                 (726, 'Xã Trường Sinh', 33),
                                                                 (727, 'Xã Hồng Sơn', 33),
                                                                 (728, 'Xã Đông Thọ', 33),
                                                                 (729, 'Phường Mỹ Lâm', 33),
                                                                 (730, 'Phường Minh Xuân', 33),
                                                                 (731, 'Phường Nông Tiến', 33),
                                                                 (732, 'Phường An Tường', 33),
                                                                 (733, 'Phường Bình Thuận', 33),
                                                                 (734, 'Xã Lũng Cú', 33),
                                                                 (735, 'Xã Đồng Văn', 33),
                                                                 (736, 'Xã Sà Phìn', 33),
                                                                 (737, 'Xã Phố Bảng', 33),
                                                                 (738, 'Xã Lũng Phìn', 33),
                                                                 (739, 'Xã Sủng Máng', 33),
                                                                 (740, 'Xã Sơn Vĩ', 33),
                                                                 (741, 'Xã Mèo Vạc', 33),
                                                                 (742, 'Xã Khâu Vai', 33),
                                                                 (743, 'Xã Niêm Sơn', 33),
                                                                 (744, 'Xã Tát Ngà', 33),
                                                                 (745, 'Xã Thắng Mố', 33),
                                                                 (746, 'Xã Bạch Đích', 33),
                                                                 (747, 'Xã Yên Minh', 33),
                                                                 (748, 'Xã Mậu Duệ', 33),
                                                                 (749, 'Xã Ngọc Long', 33),
                                                                 (750, 'Xã Du Già', 33),
                                                                 (751, 'Xã Đường Thượng', 33),
                                                                 (752, 'Xã Lùng Tám', 33),
                                                                 (753, 'Xã Cán Tỷ', 33),
                                                                 (754, 'Xã Nghĩa Thuận', 33),
                                                                 (755, 'Xã Quản Bạ', 33),
                                                                 (756, 'Xã Tùng Vài', 33),
                                                                 (757, 'Xã Yên Cường', 33),
                                                                 (758, 'Xã Đường Hồng', 33),
                                                                 (759, 'Xã Bắc Mê', 33),
                                                                 (760, 'Xã Giáp Trung', 33),
                                                                 (761, 'Xã Minh Sơn', 33),
                                                                 (762, 'Xã Minh Ngọc', 33),
                                                                 (763, 'Xã Ngọc Đường', 33),
                                                                 (764, 'Phường Hà Giang 1', 33),
                                                                 (765, 'Phường Hà Giang 2', 33),
                                                                 (766, 'Xã Lao Chải', 33),
                                                                 (767, 'Xã Thanh Thuỷ', 33),
                                                                 (768, 'Xã Minh Tân', 33),
                                                                 (769, 'Xã Thuận Hoà', 33),
                                                                 (770, 'Xã Tùng Bá', 33),
                                                                 (771, 'Xã Phú Linh', 33),
                                                                 (772, 'Xã Linh Hồ', 33),
                                                                 (773, 'Xã Bạch Ngọc', 33),
                                                                 (774, 'Xã Vị Xuyên', 33),
                                                                 (775, 'Xã Việt Lâm', 33),
                                                                 (776, 'Xã Cao Bồ', 33),
                                                                 (777, 'Xã Thượng Sơn', 33),
                                                                 (778, 'Xã Tân Quang', 33),
                                                                 (779, 'Xã Đồng Tâm', 33),
                                                                 (780, 'Xã Liên Hiệp', 33),
                                                                 (781, 'Xã Bằng Hành', 33),
                                                                 (782, 'Xã Bắc Quang', 33),
                                                                 (783, 'Xã Hùng An', 33),
                                                                 (784, 'Xã Vĩnh Tuy', 33),
                                                                 (785, 'Xã Đồng Yên', 33),
                                                                 (786, 'Xã Tiên Yên', 33),
                                                                 (787, 'Xã Xuân Giang', 33),
                                                                 (788, 'Xã Bằng Lang', 33),
                                                                 (789, 'Xã Yên Thành', 33),
                                                                 (790, 'Xã Quang Bình', 33),
                                                                 (791, 'Xã Tân Trịnh', 33),
                                                                 (792, 'Xã Tiên Nguyên', 33),
                                                                 (793, 'Xã Thông Nguyên', 33),
                                                                 (794, 'Xã Hồ Thầu', 33),
                                                                 (795, 'Xã Nậm Dịch', 33),
                                                                 (796, 'Xã Tân Tiến', 33),
                                                                 (797, 'Xã Hoàng Su Phì', 33),
                                                                 (798, 'Xã Thàng Tín', 33),
                                                                 (799, 'Xã Bản Máy', 33),
                                                                 (800, 'Xã Pờ Ly Ngài', 33),
                                                                 (801, 'Xã Xín Mần', 33),
                                                                 (802, 'Xã Pà Vầy Sủ', 33),
                                                                 (803, 'Xã Nấm Dẩn', 33),
                                                                 (804, 'Xã Trung Thịnh', 33),
                                                                 (805, 'Xã Quảng Nguyên', 33),
                                                                 (806, 'Xã Khuôn Lùng', 33),
                                                                 (807, 'Xã Khao Mang', 16),
                                                                 (808, 'Xã Mù Cang Chải', 16),
                                                                 (809, 'Xã Púng Luông', 16),
                                                                 (810, 'Xã Tú Lệ', 16),
                                                                 (811, 'Xã Trạm Tấu', 16),
                                                                 (812, 'Xã Hạnh Phúc', 16),
                                                                 (813, 'Xã Phình Hồ', 16),
                                                                 (814, 'Phường Nghĩa Lộ', 16),
                                                                 (815, 'Phường Trung Tâm', 16),
                                                                 (816, 'Phường Cầu Thia', 16),
                                                                 (817, 'Xã Liên Sơn', 16),
                                                                 (818, 'Xã Gia Hội', 16),
                                                                 (819, 'Xã Sơn Lương', 16),
                                                                 (820, 'Xã Thượng Bằng La', 16),
                                                                 (821, 'Xã Chấn Thịnh', 16),
                                                                 (822, 'Xã Nghĩa Tâm', 16),
                                                                 (823, 'Xã Văn Chấn', 16),
                                                                 (824, 'Xã Phong Dụ Hạ', 16),
                                                                 (825, 'Xã Châu Quế', 16),
                                                                 (826, 'Xã Lâm Giang', 16),
                                                                 (827, 'Xã Đông Cuông', 16),
                                                                 (828, 'Xã Tân Hợp', 16),
                                                                 (829, 'Xã Mậu A', 16),
                                                                 (830, 'Xã Xuân Ái', 16),
                                                                 (831, 'Xã Mỏ Vàng', 16),
                                                                 (832, 'Xã Lâm Thượng', 16),
                                                                 (833, 'Xã Lục Yên', 16),
                                                                 (834, 'Xã Tân Lĩnh', 16),
                                                                 (835, 'Xã Khánh Hoà', 16),
                                                                 (836, 'Xã Phúc Lợi', 16),
                                                                 (837, 'Xã Mường Lai', 16),
                                                                 (838, 'Xã Cảm Nhân', 16),
                                                                 (839, 'Xã Yên Thành', 16),
                                                                 (840, 'Xã Thác Bà', 16),
                                                                 (841, 'Xã Yên Bình', 16),
                                                                 (842, 'Xã Bảo Ái', 16),
                                                                 (843, 'Phường Văn Phú', 16),
                                                                 (844, 'Phường Yên Bái', 16),
                                                                 (845, 'Phường Nam Cường', 16),
                                                                 (846, 'Phường Âu Lâu', 16),
                                                                 (847, 'Xã Trấn Yên', 16),
                                                                 (848, 'Xã Hưng Khánh', 16),
                                                                 (849, 'Xã Lương Thịnh', 16),
                                                                 (850, 'Xã Việt Hồng', 16),
                                                                 (851, 'Xã Quy Mông', 16),
                                                                 (858, 'Xã Phong Hải', 16),
                                                                 (859, 'Xã Xuân Quang', 16),
                                                                 (860, 'Xã Bảo Thắng', 16),
                                                                 (861, 'Xã Tằng Lỏong', 16),
                                                                 (862, 'Xã Gia Phú', 16),
                                                                 (863, 'Xã Cốc San', 16),
                                                                 (864, 'Xã Hợp Thành', 16),
                                                                 (865, 'Phường Cam Đường', 16),
                                                                 (866, 'Phường Lào Cai', 16),
                                                                 (867, 'Xã Mường Hum', 16),
                                                                 (868, 'Xã Dền Sáng', 16),
                                                                 (869, 'Xã Y Tý', 16),
                                                                 (870, 'Xã A Mú Sung', 16),
                                                                 (871, 'Xã Trịnh Tường', 16),
                                                                 (872, 'Xã Bản Xèo', 16),
                                                                 (873, 'Xã Bát Xát', 16),
                                                                 (874, 'Xã Nghĩa Đô', 16),
                                                                 (875, 'Xã Thượng Hà', 16),
                                                                 (876, 'Xã Bảo Yên', 16),
                                                                 (877, 'Xã Xuân Hoà', 16),
                                                                 (878, 'Xã Phúc Khánh', 16),
                                                                 (879, 'Xã Bảo Hà', 16),
                                                                 (880, 'Xã Võ Lao', 16),
                                                                 (881, 'Xã Khánh Yên', 16),
                                                                 (882, 'Xã Văn Bàn', 16),
                                                                 (883, 'Xã Dương Quỳ', 16),
                                                                 (884, 'Xã Chiềng Ken', 16),
                                                                 (885, 'Xã Minh Lương', 16),
                                                                 (886, 'Xã Nậm Chày', 16),
                                                                 (887, 'Xã Mường Bo', 16),
                                                                 (888, 'Xã Bản Hồ', 16),
                                                                 (889, 'Xã Tả Phìn', 16),
                                                                 (890, 'Xã Tả Van', 16),
                                                                 (891, 'Phường Sa Pa', 16),
                                                                 (892, 'Xã Cốc Lầu', 16),
                                                                 (893, 'Xã Bảo Nhai', 16),
                                                                 (894, 'Xã Bản Liền', 16),
                                                                 (895, 'Xã Bắc Hà', 16),
                                                                 (896, 'Xã Tả Củ Tỷ', 16),
                                                                 (897, 'Xã Lùng Phình', 16),
                                                                 (898, 'Xã Pha Long', 16),
                                                                 (899, 'Xã Mường Khương', 16),
                                                                 (900, 'Xã Bản Lầu', 16),
                                                                 (901, 'Xã Cao Sơn', 16),
                                                                 (902, 'Xã Si Ma Cai', 16),
                                                                 (903, 'Xã Sín Chéng', 16),
                                                                 (852, 'Xã Lao Chải', 16),
                                                                 (853, 'Xã Chế Tạo', 16),
                                                                 (854, 'Xã Nậm Có', 16),
                                                                 (855, 'Xã Tà Xi Láng', 16),
                                                                 (856, 'Xã Phong Dụ Thượng', 16),
                                                                 (857, 'Xã Cát Thịnh', 16),
                                                                 (904, 'Xã Nậm Xé', 16),
                                                                 (905, 'Xã Ngũ Chỉ Sơn', 16),
                                                                 (906, 'Phường Phan Đình Phùng', 25),
                                                                 (907, 'Phường Linh Sơn', 25),
                                                                 (908, 'Phường Tích Lương', 25),
                                                                 (909, 'Phường Gia Sàng', 25),
                                                                 (910, 'Phường Quyết Thắng', 25),
                                                                 (911, 'Phường Quan Triều', 25),
                                                                 (912, 'Xã Tân Cương', 25),
                                                                 (913, 'Xã Đại Phúc', 25),
                                                                 (914, 'Xã Đại Từ', 25),
                                                                 (915, 'Xã Đức Lương', 25),
                                                                 (916, 'Xã Phú Thịnh', 25),
                                                                 (917, 'Xã La Bằng', 25),
                                                                 (918, 'Xã Phú Lạc', 25),
                                                                 (919, 'Xã An Khánh', 25),
                                                                 (920, 'Xã Quân Chu', 25),
                                                                 (921, 'Xã Vạn Phú', 25),
                                                                 (922, 'Xã Phú Xuyên', 25),
                                                                 (923, 'Phường Phổ Yên', 25),
                                                                 (924, 'Phường Vạn Xuân', 25),
                                                                 (925, 'Phường Trung Thành', 25),
                                                                 (926, 'Phường Phúc Thuận', 25),
                                                                 (927, 'Xã Thành Công', 25),
                                                                 (928, 'Xã Phú Bình', 25),
                                                                 (929, 'Xã Tân Thành', 25),
                                                                 (930, 'Xã Điềm Thụy', 25),
                                                                 (931, 'Xã Kha Sơn', 25),
                                                                 (932, 'Xã Tân Khánh', 25),
                                                                 (933, 'Xã Đồng Hỷ', 25),
                                                                 (934, 'Xã Quang Sơn', 25),
                                                                 (935, 'Xã Trại Cau', 25),
                                                                 (936, 'Xã Nam Hoà', 25),
                                                                 (937, 'Xã Văn Hán', 25),
                                                                 (938, 'Xã Văn Lăng', 25),
                                                                 (939, 'Phường Sông Công', 25),
                                                                 (940, 'Phường Bá Xuyên', 25),
                                                                 (941, 'Phường Bách Quang', 25),
                                                                 (942, 'Xã Phú Lương', 25),
                                                                 (943, 'Xã Vô Tranh', 25),
                                                                 (944, 'Xã Yên Trạch', 25),
                                                                 (945, 'Xã Hợp Thành', 25),
                                                                 (946, 'Xã Định Hóa', 25),
                                                                 (947, 'Xã Bình Yên', 25),
                                                                 (948, 'Xã Trung Hội', 25),
                                                                 (949, 'Xã Phượng Tiến', 25),
                                                                 (950, 'Xã Phú Đình', 25),
                                                                 (951, 'Xã Bình Thành', 25),
                                                                 (952, 'Xã Kim Phượng', 25),
                                                                 (953, 'Xã Lam Vỹ', 25),
                                                                 (954, 'Xã Võ Nhai', 25),
                                                                 (955, 'Xã Dân Tiến', 25),
                                                                 (956, 'Xã Nghinh Tường', 25),
                                                                 (957, 'Xã Thần Sa', 25),
                                                                 (958, 'Xã La Hiên', 25),
                                                                 (959, 'Xã Tràng Xá', 25),
                                                                 (961, 'Xã Bằng Thành', 25),
                                                                 (962, 'Xã Nghiên Loan', 25),
                                                                 (963, 'Xã Cao Minh', 25),
                                                                 (964, 'Xã Ba Bể', 25),
                                                                 (965, 'Xã Chợ Rã', 25),
                                                                 (966, 'Xã Phúc Lộc', 25),
                                                                 (967, 'Xã Thượng Minh', 25),
                                                                 (968, 'Xã Đồng Phúc', 25),
                                                                 (969, 'Xã Yên Bình', 25),
                                                                 (970, 'Xã Bằng Vân', 25),
                                                                 (971, 'Xã Ngân Sơn', 25),
                                                                 (972, 'Xã Nà Phặc', 25),
                                                                 (973, 'Xã Hiệp Lực', 25),
                                                                 (974, 'Xã Nam Cường', 25),
                                                                 (975, 'Xã Quảng Bạch', 25),
                                                                 (976, 'Xã Yên Thịnh', 25),
                                                                 (977, 'Xã Chợ Đồn', 25),
                                                                 (978, 'Xã Yên Phong', 25),
                                                                 (979, 'Xã Nghĩa Tá', 25),
                                                                 (980, 'Xã Phủ Thông', 25),
                                                                 (981, 'Xã Cẩm Giàng', 25),
                                                                 (982, 'Xã Vĩnh Thông', 25),
                                                                 (983, 'Xã Bạch Thông', 25),
                                                                 (984, 'Xã Phong Quang', 25),
                                                                 (985, 'Phường Đức Xuân', 25),
                                                                 (986, 'Phường Bắc Kạn', 25),
                                                                 (987, 'Xã Văn Lang', 25),
                                                                 (988, 'Xã Cường Lợi', 25),
                                                                 (989, 'Xã Na Rì', 25),
                                                                 (990, 'Xã Trần Phú', 25),
                                                                 (991, 'Xã Côn Minh', 25),
                                                                 (992, 'Xã Xuân Dương', 25),
                                                                 (993, 'Xã Tân Kỳ', 25),
                                                                 (994, 'Xã Thanh Mai', 25),
                                                                 (995, 'Xã Thanh Thịnh', 25),
                                                                 (996, 'Xã Chợ Mới', 25),
                                                                 (960, 'Xã Sảng Mộc', 25),
                                                                 (997, 'Xã Thượng Quan', 25),
                                                                 (998, 'Xã Thất Khê', 15),
                                                                 (999, 'Xã Đoàn Kết', 15),
                                                                 (1000, 'Xã Tân Tiến', 15),
                                                                 (1001, 'Xã Tràng Định', 15),
                                                                 (1002, 'Xã Quốc Khánh', 15),
                                                                 (1003, 'Xã Kháng Chiến', 15),
                                                                 (1004, 'Xã Quốc Việt', 15),
                                                                 (1005, 'Xã Bình Gia', 15),
                                                                 (1006, 'Xã Tân Văn', 15),
                                                                 (1007, 'Xã Hồng Phong', 15),
                                                                 (1008, 'Xã Hoa Thám', 15),
                                                                 (1009, 'Xã Quý Hoà', 15),
                                                                 (1010, 'Xã Thiện Hoà', 15),
                                                                 (1011, 'Xã Thiện Thuật', 15),
                                                                 (1012, 'Xã Thiện Long', 15),
                                                                 (1013, 'Xã Bắc Sơn', 15),
                                                                 (1014, 'Xã Hưng Vũ', 15),
                                                                 (1015, 'Xã Vũ Lăng', 15),
                                                                 (1016, 'Xã Nhất Hoà', 15),
                                                                 (1017, 'Xã Vũ Lễ', 15),
                                                                 (1018, 'Xã Tân Tri', 15),
                                                                 (1019, 'Xã Văn Quan', 15),
                                                                 (1020, 'Xã Điềm He', 15),
                                                                 (1021, 'Xã Tri Lễ', 15),
                                                                 (1022, 'Xã Yên Phúc', 15),
                                                                 (1023, 'Xã Tân Đoàn', 15),
                                                                 (1024, 'Xã Khánh Khê', 15),
                                                                 (1025, 'Xã Na Sầm', 15),
                                                                 (1026, 'Xã Văn Lãng', 15),
                                                                 (1027, 'Xã Hội Hoan', 15),
                                                                 (1028, 'Xã Thụy Hùng', 15),
                                                                 (1029, 'Xã Hoàng Văn Thụ', 15),
                                                                 (1030, 'Xã Lộc Bình', 15),
                                                                 (1031, 'Xã Mẫu Sơn', 15),
                                                                 (1032, 'Xã Na Dương', 15),
                                                                 (1033, 'Xã Lợi Bác', 15),
                                                                 (1034, 'Xã Thống Nhất', 15),
                                                                 (1035, 'Xã Xuân Dương', 15),
                                                                 (1036, 'Xã Khuất Xá', 15),
                                                                 (1037, 'Xã Đình Lập', 15),
                                                                 (1038, 'Xã Châu Sơn', 15),
                                                                 (1039, 'Xã Kiên Mộc', 15),
                                                                 (1040, 'Xã Thái Bình', 15),
                                                                 (1041, 'Xã Hữu Lũng', 15),
                                                                 (1042, 'Xã Tuấn Sơn', 15),
                                                                 (1043, 'Xã Tân Thành', 15),
                                                                 (1044, 'Xã Vân Nham', 15),
                                                                 (1045, 'Xã Thiện Tân', 15),
                                                                 (1046, 'Xã Yên Bình', 15),
                                                                 (1047, 'Xã Hữu Liên', 15),
                                                                 (1048, 'Xã Cai Kinh', 15),
                                                                 (1049, 'Xã Chi Lăng', 15),
                                                                 (1050, 'Xã Nhân Lý', 15),
                                                                 (1051, 'Xã Chiến Thắng', 15),
                                                                 (1052, 'Xã Quan Sơn', 15),
                                                                 (1053, 'Xã Bằng Mạc', 15),
                                                                 (1054, 'Xã Vạn Linh', 15),
                                                                 (1055, 'Xã Đồng Đăng', 15),
                                                                 (1056, 'Xã Cao Lộc', 15),
                                                                 (1057, 'Xã Công Sơn', 15),
                                                                 (1058, 'Xã Ba Sơn', 15),
                                                                 (1059, 'Phường Tam Thanh', 15),
                                                                 (1060, 'Phường Lương Văn Tri', 15),
                                                                 (1061, 'Phường Kỳ Lừa', 15),
                                                                 (1062, 'Phường Đông Kinh', 15),
                                                                 (1099, 'Phường Việt Trì', 19),
                                                                 (1100, 'Phường Nông Trang', 19),
                                                                 (1101, 'Phường Thanh Miếu', 19),
                                                                 (1102, 'Phường Vân Phú', 19),
                                                                 (1103, 'Xã Hy Cương', 19),
                                                                 (1104, 'Xã Lâm Thao', 19),
                                                                 (1105, 'Xã Xuân Lũng', 19),
                                                                 (1106, 'Xã Phùng Nguyên', 19),
                                                                 (1107, 'Xã Bản Nguyên', 19),
                                                                 (1108, 'Phường Phong Châu', 19),
                                                                 (1109, 'Phường Phú Thọ', 19),
                                                                 (1110, 'Phường Âu Cơ', 19),
                                                                 (1111, 'Xã Phù Ninh', 19),
                                                                 (1112, 'Xã Dân Chủ', 19),
                                                                 (1113, 'Xã Phú Mỹ', 19),
                                                                 (1114, 'Xã Trạm Thản', 19),
                                                                 (1115, 'Xã Bình Phú', 19),
                                                                 (1116, 'Xã Thanh Ba', 19),
                                                                 (1117, 'Xã Quảng Yên', 19),
                                                                 (1118, 'Xã Hoàng Cương', 19),
                                                                 (1119, 'Xã Đông Thành', 19),
                                                                 (1120, 'Xã Chí Tiên', 19),
                                                                 (1121, 'Xã Liên Minh', 19),
                                                                 (1122, 'Xã Đoan Hùng', 19),
                                                                 (1123, 'Xã Tây Cốc', 19),
                                                                 (1124, 'Xã Chân Mộng', 19),
                                                                 (1125, 'Xã Chí Đám', 19),
                                                                 (1126, 'Xã Bằng Luân', 19),
                                                                 (1127, 'Xã Hạ Hòa', 19),
                                                                 (1128, 'Xã Đan Thượng', 19),
                                                                 (1129, 'Xã Yên Kỳ', 19),
                                                                 (1130, 'Xã Vĩnh Chân', 19),
                                                                 (1131, 'Xã Văn Lang', 19),
                                                                 (1132, 'Xã Hiền Lương', 19),
                                                                 (1133, 'Xã Cẩm Khê', 19),
                                                                 (1134, 'Xã Phú Khê', 19),
                                                                 (1135, 'Xã Hùng Việt', 19),
                                                                 (1136, 'Xã Đồng Lương', 19),
                                                                 (1137, 'Xã Tiên Lương', 19),
                                                                 (1138, 'Xã Vân Bán', 19),
                                                                 (1139, 'Xã Tam Nông', 19),
                                                                 (1140, 'Xã Thọ Văn', 19),
                                                                 (1141, 'Xã Vạn Xuân', 19),
                                                                 (1142, 'Xã Hiền Quan', 19),
                                                                 (1143, 'Xã Thanh Thuỷ', 19),
                                                                 (1144, 'Xã Đào Xá', 19),
                                                                 (1145, 'Xã Tu Vũ', 19),
                                                                 (1146, 'Xã Thanh Sơn', 19),
                                                                 (1147, 'Xã Võ Miếu', 19),
                                                                 (1148, 'Xã Văn Miếu', 19),
                                                                 (1149, 'Xã Cự Đồng', 19),
                                                                 (1150, 'Xã Hương Cần', 19),
                                                                 (1151, 'Xã Yên Sơn', 19),
                                                                 (1152, 'Xã Khả Cửu', 19),
                                                                 (1153, 'Xã Tân Sơn', 19),
                                                                 (1154, 'Xã Minh Đài', 19),
                                                                 (1155, 'Xã Lai Đồng', 19),
                                                                 (1156, 'Xã Thu Cúc', 19),
                                                                 (1157, 'Xã Xuân Đài', 19),
                                                                 (1158, 'Xã Long Cốc', 19),
                                                                 (1159, 'Xã Yên Lập', 19),
                                                                 (1160, 'Xã Thượng Long', 19),
                                                                 (1161, 'Xã Sơn Lương', 19),
                                                                 (1162, 'Xã Xuân Viên', 19),
                                                                 (1163, 'Xã Minh Hòa', 19),
                                                                 (1164, 'Xã Trung Sơn', 19),
                                                                 (1063, 'Xã Tam Sơn', 19),
                                                                 (1064, 'Xã Sông Lô', 19),
                                                                 (1065, 'Xã Hải Lựu', 19),
                                                                 (1066, 'Xã Yên Lãng', 19),
                                                                 (1067, 'Xã Lập Thạch', 19),
                                                                 (1068, 'Xã Tiên Lữ', 19),
                                                                 (1069, 'Xã Thái Hòa', 19),
                                                                 (1070, 'Xã Liên Hòa', 19),
                                                                 (1071, 'Xã Hợp Lý', 19),
                                                                 (1072, 'Xã Sơn Đông', 19),
                                                                 (1073, 'Xã Tam Đảo', 19),
                                                                 (1074, 'Xã Đại Đình', 19),
                                                                 (1075, 'Xã Đạo Trù', 19),
                                                                 (1076, 'Xã Tam Dương', 19),
                                                                 (1077, 'Xã Hội Thịnh', 19),
                                                                 (1078, 'Xã Hoàng An', 19),
                                                                 (1079, 'Xã Tam Dương Bắc', 19),
                                                                 (1080, 'Xã Vĩnh Tường', 19),
                                                                 (1081, 'Xã Thổ Tang', 19),
                                                                 (1082, 'Xã Vĩnh Hưng', 19),
                                                                 (1083, 'Xã Vĩnh An', 19),
                                                                 (1084, 'Xã Vĩnh Phú', 19),
                                                                 (1085, 'Xã Vĩnh Thành', 19),
                                                                 (1086, 'Xã Yên Lạc', 19),
                                                                 (1087, 'Xã Tề Lỗ', 19),
                                                                 (1088, 'Xã Liên Châu', 19),
                                                                 (1089, 'Xã Tam Hồng', 19),
                                                                 (1090, 'Xã Nguyệt Đức', 19),
                                                                 (1091, 'Xã Bình Nguyên', 19),
                                                                 (1092, 'Xã Xuân Lãng', 19),
                                                                 (1093, 'Xã Bình Xuyên', 19),
                                                                 (1094, 'Xã Bình Tuyền', 19),
                                                                 (1095, 'Phường Vĩnh Phúc', 19),
                                                                 (1096, 'Phường Vĩnh Yên', 19),
                                                                 (1097, 'Phường Phúc Yên', 19),
                                                                 (1098, 'Phường Xuân Hòa', 19),
                                                                 (1165, 'Xã Cao Phong', 19),
                                                                 (1166, 'Xã Mường Thàng', 19),
                                                                 (1167, 'Xã Thung Nai', 19),
                                                                 (1168, 'Xã Đà Bắc', 19),
                                                                 (1169, 'Xã Cao Sơn', 19),
                                                                 (1170, 'Xã Đức Nhàn', 19),
                                                                 (1171, 'Xã Quy Đức', 19),
                                                                 (1172, 'Xã Tân Pheo', 19),
                                                                 (1173, 'Xã Tiền Phong', 19),
                                                                 (1174, 'Xã Kim Bôi', 19),
                                                                 (1175, 'Xã Mường Động', 19),
                                                                 (1176, 'Xã Dũng Tiến', 19),
                                                                 (1177, 'Xã Hợp Kim', 19),
                                                                 (1178, 'Xã Nật Sơn', 19),
                                                                 (1179, 'Xã Lạc Sơn', 19),
                                                                 (1180, 'Xã Mường Vang', 19),
                                                                 (1181, 'Xã Đại Đồng', 19),
                                                                 (1182, 'Xã Ngọc Sơn', 19),
                                                                 (1183, 'Xã Nhân Nghĩa', 19),
                                                                 (1184, 'Xã Quyết Thắng', 19),
                                                                 (1185, 'Xã Thượng Cốc', 19),
                                                                 (1186, 'Xã Yên Phú', 19),
                                                                 (1187, 'Xã Lạc Thủy', 19),
                                                                 (1188, 'Xã An Bình', 19),
                                                                 (1189, 'Xã An Nghĩa', 19),
                                                                 (1190, 'Xã Lương Sơn', 19),
                                                                 (1191, 'Xã Cao Dương', 19),
                                                                 (1192, 'Xã Liên Sơn', 19),
                                                                 (1193, 'Xã Mai Châu', 19),
                                                                 (1194, 'Xã Bao La', 19),
                                                                 (1195, 'Xã Mai Hạ', 19),
                                                                 (1196, 'Xã Pà Cò', 19),
                                                                 (1197, 'Xã Tân Mai', 19),
                                                                 (1198, 'Xã Tân Lạc', 19),
                                                                 (1199, 'Xã Mường Bi', 19),
                                                                 (1200, 'Xã Mường Hoa', 19),
                                                                 (1201, 'Xã Toàn Thắng', 19),
                                                                 (1202, 'Xã Vân Sơn', 19),
                                                                 (1203, 'Xã Yên Thủy', 19),
                                                                 (1204, 'Xã Lạc Lương', 19),
                                                                 (1205, 'Xã Yên Trị', 19),
                                                                 (1206, 'Xã Thịnh Minh', 19),
                                                                 (1207, 'Phường Hoà Bình', 19),
                                                                 (1208, 'Phường Kỳ Sơn', 19),
                                                                 (1209, 'Phường Tân Hoà', 19),
                                                                 (1210, 'Phường Thống Nhất', 19),
                                                                 (1211, 'Xã Mường Phăng', 6),
                                                                 (1212, 'Phường Điện Biên Phủ', 6),
                                                                 (1213, 'Phường Mường Thanh', 6),
                                                                 (1214, 'Phường Mường Lay', 6),
                                                                 (1215, 'Xã Thanh Nưa', 6),
                                                                 (1216, 'Xã Thanh An', 6),
                                                                 (1217, 'Xã Thanh Yên', 6),
                                                                 (1218, 'Xã Sam Mứn', 6),
                                                                 (1219, 'Xã Núa Ngam', 6),
                                                                 (1220, 'Xã Mường Nhà', 6),
                                                                 (1221, 'Xã Tuần Giáo', 6),
                                                                 (1222, 'Xã Quài Tở', 6),
                                                                 (1223, 'Xã Mường Mùn', 6),
                                                                 (1224, 'Xã Pú Nhung', 6),
                                                                 (1225, 'Xã Chiềng Sinh', 6),
                                                                 (1226, 'Xã Tủa Chùa', 6),
                                                                 (1227, 'Xã Sín Chải', 6),
                                                                 (1228, 'Xã Sính Phình', 6),
                                                                 (1229, 'Xã Tủa Thàng', 6),
                                                                 (1230, 'Xã Sáng Nhè', 6),
                                                                 (1231, 'Xã Na Sang', 6),
                                                                 (1232, 'Xã Mường Tùng', 6),
                                                                 (1233, 'Xã Pa Ham', 6),
                                                                 (1234, 'Xã Nậm Nèn', 6),
                                                                 (1235, 'Xã Mường Pồn', 6),
                                                                 (1236, 'Xã Na Son', 6),
                                                                 (1237, 'Xã Xa Dung', 6),
                                                                 (1238, 'Xã Pu Nhi', 6),
                                                                 (1239, 'Xã Mường Luân', 6),
                                                                 (1240, 'Xã Tìa Dình', 6),
                                                                 (1241, 'Xã Phình Giàng', 6),
                                                                 (1242, 'Xã Mường Chà', 6),
                                                                 (1243, 'Xã Nà Hỳ', 6),
                                                                 (1244, 'Xã Nà Bủng', 6),
                                                                 (1245, 'Xã Chà Tở', 6),
                                                                 (1246, 'Xã Si Pa Phìn', 6),
                                                                 (1247, 'Xã Mường Nhé', 6),
                                                                 (1248, 'Xã Sín Thầu', 6),
                                                                 (1249, 'Xã Mường Toong', 6),
                                                                 (1250, 'Xã Nậm Kè', 6),
                                                                 (1251, 'Xã Quảng Lâm', 6),
                                                                 (1252, 'Xã Mường Ảng', 6),
                                                                 (1253, 'Xã Nà Tấu', 6),
                                                                 (1254, 'Xã Búng Lao', 6),
                                                                 (1255, 'Xã Mường Lạn', 6),
                                                                 (1256, 'Xã Mường Kim', 13),
                                                                 (1257, 'Xã Khoen On', 13),
                                                                 (1258, 'Xã Than Uyên', 13),
                                                                 (1259, 'Xã Mường Than', 13),
                                                                 (1260, 'Xã Pắc Ta', 13),
                                                                 (1261, 'Xã Nậm Sỏ', 13),
                                                                 (1262, 'Xã Tân Uyên', 13),
                                                                 (1263, 'Xã Mường Khoa', 13),
                                                                 (1264, 'Xã Bản Bo', 13),
                                                                 (1265, 'Xã Bình Lư', 13),
                                                                 (1266, 'Xã Tả Lèng', 13),
                                                                 (1267, 'Xã Khun Há', 13),
                                                                 (1268, 'Phường Tân Phong', 13),
                                                                 (1269, 'Phường Đoàn Kết', 13),
                                                                 (1270, 'Xã Sin Suối Hồ', 13),
                                                                 (1271, 'Xã Phong Thổ', 13),
                                                                 (1272, 'Xã Sì Lở Lầu', 13),
                                                                 (1273, 'Xã Dào San', 13),
                                                                 (1274, 'Xã Khổng Lào', 13),
                                                                 (1275, 'Xã Tủa Sín Chải', 13),
                                                                 (1276, 'Xã Sìn Hồ', 13),
                                                                 (1277, 'Xã Hồng Thu', 13),
                                                                 (1278, 'Xã Nậm Tăm', 13),
                                                                 (1279, 'Xã Pu Sam Cáp', 13),
                                                                 (1280, 'Xã Nậm Cuổi', 13),
                                                                 (1281, 'Xã Nậm Mạ', 13),
                                                                 (1282, 'Xã Lê Lợi', 13),
                                                                 (1283, 'Xã Nậm Hàng', 13),
                                                                 (1284, 'Xã Mường Mô', 13),
                                                                 (1285, 'Xã Hua Bum', 13),
                                                                 (1286, 'Xã Pa Tần', 13),
                                                                 (1287, 'Xã Bum Nưa', 13),
                                                                 (1288, 'Xã Bum Tở', 13),
                                                                 (1289, 'Xã Mường Tè', 13),
                                                                 (1290, 'Xã Thu Lũm', 13),
                                                                 (1291, 'Xã Pa Ủ', 13),
                                                                 (1292, 'Xã Tà Tổng', 13),
                                                                 (1293, 'Xã Mù Cả', 13),
                                                                 (1294, 'Phường Tô Hiệu', 23),
                                                                 (1295, 'Phường Chiềng An', 23),
                                                                 (1296, 'Phường Chiềng Cơi', 23),
                                                                 (1297, 'Phường Chiềng Sinh', 23),
                                                                 (1298, 'Phường Mộc Châu', 23),
                                                                 (1299, 'Phường Mộc Sơn', 23),
                                                                 (1300, 'Phường Vân Sơn', 23),
                                                                 (1301, 'Phường Thảo Nguyên', 23),
                                                                 (1302, 'Xã Đoàn Kết', 23),
                                                                 (1303, 'Xã Lóng Sập', 23),
                                                                 (1304, 'Xã Chiềng Sơn', 23),
                                                                 (1305, 'Xã Vân Hồ', 23),
                                                                 (1306, 'Xã Song Khủa', 23),
                                                                 (1307, 'Xã Tô Múa', 23),
                                                                 (1308, 'Xã Xuân Nha', 23),
                                                                 (1309, 'Xã Quỳnh Nhai', 23),
                                                                 (1310, 'Xã Mường Chiên', 23),
                                                                 (1311, 'Xã Mường Giôn', 23),
                                                                 (1312, 'Xã Mường Sại', 23),
                                                                 (1313, 'Xã Thuận Châu', 23),
                                                                 (1314, 'Xã Chiềng La', 23),
                                                                 (1315, 'Xã Nậm Lầu', 23),
                                                                 (1316, 'Xã Muổi Nọi', 23),
                                                                 (1317, 'Xã Mường Khiêng', 23),
                                                                 (1318, 'Xã Co Mạ', 23),
                                                                 (1319, 'Xã Bình Thuận', 23),
                                                                 (1320, 'Xã Mường É', 23),
                                                                 (1321, 'Xã Long Hẹ', 23),
                                                                 (1322, 'Xã Mường La', 23),
                                                                 (1323, 'Xã Chiềng Lao', 23),
                                                                 (1324, 'Xã Mường Bú', 23),
                                                                 (1325, 'Xã Chiềng Hoa', 23),
                                                                 (1326, 'Xã Bắc Yên', 23),
                                                                 (1327, 'Xã Tà Xùa', 23),
                                                                 (1328, 'Xã Tạ Khoa', 23),
                                                                 (1329, 'Xã Xím Vàng', 23),
                                                                 (1330, 'Xã Pắc Ngà', 23),
                                                                 (1331, 'Xã Chiềng Sại', 23),
                                                                 (1332, 'Xã Phù Yên', 23),
                                                                 (1333, 'Xã Gia Phù', 23),
                                                                 (1334, 'Xã Tường Hạ', 23),
                                                                 (1335, 'Xã Mường Cơi', 23),
                                                                 (1336, 'Xã Mường Bang', 23),
                                                                 (1337, 'Xã Tân Phong', 23),
                                                                 (1338, 'Xã Kim Bon', 23),
                                                                 (1339, 'Xã Yên Châu', 23),
                                                                 (1340, 'Xã Chiềng Hặc', 23),
                                                                 (1341, 'Xã Lóng Phiêng', 23),
                                                                 (1342, 'Xã Yên Sơn', 23),
                                                                 (1343, 'Xã Chiềng Mai', 23),
                                                                 (1344, 'Xã Mai Sơn', 23),
                                                                 (1345, 'Xã Phiêng Pằn', 23),
                                                                 (1346, 'Xã Chiềng Mung', 23),
                                                                 (1347, 'Xã Phiêng Cằm', 23),
                                                                 (1348, 'Xã Mường Chanh', 23),
                                                                 (1349, 'Xã Tà Hộc', 23),
                                                                 (1350, 'Xã Chiềng Sung', 23),
                                                                 (1351, 'Xã Bó Sinh', 23),
                                                                 (1352, 'Xã Chiềng Khương', 23),
                                                                 (1353, 'Xã Mường Hung', 23),
                                                                 (1354, 'Xã Chiềng Khoong', 23),
                                                                 (1355, 'Xã Mường Lầm', 23),
                                                                 (1356, 'Xã Nậm Ty', 23),
                                                                 (1357, 'Xã Sông Mã', 23),
                                                                 (1358, 'Xã Huổi Một', 23),
                                                                 (1359, 'Xã Chiềng Sơ', 23),
                                                                 (1360, 'Xã Sốp Cộp', 23),
                                                                 (1361, 'Xã Púng Bánh', 23),
                                                                 (1362, 'Xã Tân Yên', 23),
                                                                 (1363, 'Xã Mường Bám', 23),
                                                                 (1364, 'Xã Ngọc Chiến', 23),
                                                                 (1365, 'Xã Suối Tọ', 23),
                                                                 (1366, 'Xã Phiêng Khoài', 23),
                                                                 (1367, 'Xã Mường Lạn', 23),
                                                                 (1368, 'Xã Mường Lèo', 23),
                                                                 (1369, 'Phường Hạc Thành', 26),
                                                                 (1370, 'Phường Quảng Phú', 26),
                                                                 (1371, 'Phường Đông Quang', 26),
                                                                 (1372, 'Phường Đông Sơn', 26),
                                                                 (1373, 'Phường Đông Tiến', 26),
                                                                 (1374, 'Phường Hàm Rồng', 26),
                                                                 (1375, 'Phường Nguyệt Viên', 26),
                                                                 (1376, 'Phường Sầm Sơn', 26),
                                                                 (1377, 'Phường Nam Sầm Sơn', 26),
                                                                 (1378, 'Phường Bỉm Sơn', 26),
                                                                 (1379, 'Phường Quang Trung', 26),
                                                                 (1380, 'Phường Ngọc Sơn', 26),
                                                                 (1381, 'Phường Tân Dân', 26),
                                                                 (1382, 'Phường Hải Lĩnh', 26),
                                                                 (1383, 'Phường Tĩnh Gia', 26),
                                                                 (1384, 'Phường Đào Duy Tư', 26),
                                                                 (1385, 'Phường Hải Bình', 26),
                                                                 (1386, 'Phường Trúc Lâm', 26),
                                                                 (1387, 'Phường Nghi Sơn', 26),
                                                                 (1388, 'Xã Các Sơn', 26),
                                                                 (1389, 'Xã Trường Lâm', 26),
                                                                 (1390, 'Xã Hà Trung', 26),
                                                                 (1391, 'Xã Tống Sơn', 26),
                                                                 (1392, 'Xã Hà Long', 26),
                                                                 (1393, 'Xã Hoạt Giang', 26),
                                                                 (1394, 'Xã Lĩnh Toại', 26),
                                                                 (1395, 'Xã Triệu Lộc', 26),
                                                                 (1396, 'Xã Đông Thành', 26),
                                                                 (1397, 'Xã Hậu Lộc', 26),
                                                                 (1398, 'Xã Hoa Lộc', 26),
                                                                 (1399, 'Xã Vạn Lộc', 26),
                                                                 (1400, 'Xã Nga Sơn', 26),
                                                                 (1401, 'Xã Nga Thắng', 26),
                                                                 (1402, 'Xã Hồ Vương', 26),
                                                                 (1403, 'Xã Tân Tiến', 26),
                                                                 (1404, 'Xã Nga An', 26),
                                                                 (1405, 'Xã Ba Đình', 26),
                                                                 (1406, 'Xã Hoằng Hóa', 26),
                                                                 (1407, 'Xã Hoằng Tiến', 26),
                                                                 (1408, 'Xã Hoằng Thanh', 26),
                                                                 (1409, 'Xã Hoằng Lộc', 26),
                                                                 (1410, 'Xã Hoằng Châu', 26),
                                                                 (1411, 'Xã Hoằng Sơn', 26),
                                                                 (1412, 'Xã Hoằng Phú', 26),
                                                                 (1413, 'Xã Hoằng Giang', 26),
                                                                 (1414, 'Xã Lưu Vệ', 26),
                                                                 (1415, 'Xã Quảng Yên', 26),
                                                                 (1416, 'Xã Quảng Ngọc', 26),
                                                                 (1417, 'Xã Quảng Ninh', 26),
                                                                 (1418, 'Xã Quảng Bình', 26),
                                                                 (1419, 'Xã Tiên Trang', 26),
                                                                 (1420, 'Xã Quảng Chính', 26),
                                                                 (1421, 'Xã Nông Cống', 26),
                                                                 (1422, 'Xã Thắng Lợi', 26),
                                                                 (1423, 'Xã Trung Chính', 26),
                                                                 (1424, 'Xã Trường Văn', 26),
                                                                 (1425, 'Xã Thăng Bình', 26),
                                                                 (1426, 'Xã Tượng Lĩnh', 26),
                                                                 (1427, 'Xã Công Chính', 26),
                                                                 (1428, 'Xã Thiệu Hóa', 26),
                                                                 (1429, 'Xã Thiệu Quang', 26),
                                                                 (1430, 'Xã Thiệu Tiến', 26),
                                                                 (1431, 'Xã Thiệu Toán', 26),
                                                                 (1432, 'Xã Thiệu Trung', 26),
                                                                 (1433, 'Xã Yên Định', 26),
                                                                 (1434, 'Xã Yên Trường', 26),
                                                                 (1435, 'Xã Yên Phú', 26),
                                                                 (1436, 'Xã Quý Lộc', 26),
                                                                 (1437, 'Xã Yên Ninh', 26),
                                                                 (1438, 'Xã Định Tân', 26),
                                                                 (1439, 'Xã Định Hoà', 26),
                                                                 (1440, 'Xã Thọ Xuân', 26),
                                                                 (1441, 'Xã Thọ Long', 26),
                                                                 (1442, 'Xã Xuân Hoà', 26),
                                                                 (1443, 'Xã Sao Vàng', 26),
                                                                 (1444, 'Xã Lam Sơn', 26),
                                                                 (1445, 'Xã Thọ Lập', 26),
                                                                 (1446, 'Xã Xuân Tín', 26),
                                                                 (1447, 'Xã Xuân Lập', 26),
                                                                 (1448, 'Xã Vĩnh Lộc', 26),
                                                                 (1449, 'Xã Tây Đô', 26),
                                                                 (1450, 'Xã Biện Thượng', 26),
                                                                 (1451, 'Xã Triệu Sơn', 26),
                                                                 (1452, 'Xã Thọ Bình', 26),
                                                                 (1453, 'Xã Thọ Ngọc', 26),
                                                                 (1454, 'Xã Thọ Phú', 26),
                                                                 (1455, 'Xã Hợp Tiến', 26),
                                                                 (1456, 'Xã An Nông', 26),
                                                                 (1457, 'Xã Tân Ninh', 26),
                                                                 (1458, 'Xã Đồng Tiến', 26),
                                                                 (1459, 'Xã Mường Chanh', 26),
                                                                 (1460, 'Xã Quang Chiểu', 26),
                                                                 (1461, 'Xã Tam chung', 26),
                                                                 (1462, 'Xã Mường Lát', 26),
                                                                 (1463, 'Xã Pù Nhi', 26),
                                                                 (1464, 'Xã Nhi Sơn', 26),
                                                                 (1465, 'Xã Mường Lý', 26),
                                                                 (1466, 'Xã Trung Lý', 26),
                                                                 (1467, 'Xã Hồi Xuân', 26),
                                                                 (1468, 'Xã Nam Xuân', 26),
                                                                 (1469, 'Xã Thiên Phủ', 26),
                                                                 (1470, 'Xã Hiền Kiệt', 26),
                                                                 (1471, 'Xã Phú Xuân', 26),
                                                                 (1472, 'Xã Phú Lệ', 26),
                                                                 (1473, 'Xã Trung Thành', 26),
                                                                 (1474, 'Xã Trung Sơn', 26),
                                                                 (1475, 'Xã Na Mèo', 26),
                                                                 (1476, 'Xã Sơn Thủy', 26),
                                                                 (1477, 'Xã Sơn Điện', 26),
                                                                 (1478, 'Xã Mường Mìn', 26),
                                                                 (1479, 'Xã Tam Thanh', 26),
                                                                 (1480, 'Xã Tam Lư', 26),
                                                                 (1481, 'Xã Quan Sơn', 26),
                                                                 (1482, 'Xã Trung Hạ', 26),
                                                                 (1483, 'Xã Linh Sơn', 26),
                                                                 (1484, 'Xã Đồng Lương', 26),
                                                                 (1485, 'Xã Văn Phú', 26),
                                                                 (1486, 'Xã Giao An', 26),
                                                                 (1487, 'Xã Yên Khương', 26),
                                                                 (1488, 'Xã Yên Thắng', 26),
                                                                 (1489, 'Xã Văn Nho', 26),
                                                                 (1490, 'Xã Thiết Ống', 26),
                                                                 (1491, 'Xã Bá Thước', 26),
                                                                 (1492, 'Xã Cổ Lũng', 26),
                                                                 (1493, 'Xã Pù Luông', 26),
                                                                 (1494, 'Xã Điền Lư', 26),
                                                                 (1495, 'Xã Điền Quang', 26),
                                                                 (1496, 'Xã Quý Lương', 26),
                                                                 (1497, 'Xã Ngọc Lặc', 26),
                                                                 (1498, 'Xã Thạch Lập', 26),
                                                                 (1499, 'Xã Ngọc Liên', 26),
                                                                 (1500, 'Xã Minh Sơn', 26),
                                                                 (1501, 'Xã Nguyệt Ấn', 26),
                                                                 (1502, 'Xã Kiên Thọ', 26),
                                                                 (1503, 'Xã Cẩm Thạch', 26),
                                                                 (1504, 'Xã Cẩm Thủy', 26),
                                                                 (1505, 'Xã Cẩm Tú', 26),
                                                                 (1506, 'Xã Cẩm Vân', 26),
                                                                 (1507, 'Xã Cẩm Tân', 26),
                                                                 (1508, 'Xã Kim Tân', 26),
                                                                 (1509, 'Xã Vân Du', 26),
                                                                 (1510, 'Xã Ngọc Trạo', 26),
                                                                 (1511, 'Xã Thạch Bình', 26),
                                                                 (1512, 'Xã Thành Vinh', 26),
                                                                 (1513, 'Xã Thạch Quảng', 26),
                                                                 (1514, 'Xã Như Xuân', 26),
                                                                 (1515, 'Xã Thượng Ninh', 26),
                                                                 (1516, 'Xã Xuân Bình', 26),
                                                                 (1517, 'Xã Hóa Quỳ', 26),
                                                                 (1518, 'Xã Thanh Quân', 26),
                                                                 (1519, 'Xã Thanh Phong', 26),
                                                                 (1520, 'Xã Xuân Du', 26),
                                                                 (1521, 'Xã Mậu Lâm', 26),
                                                                 (1522, 'Xã Như Thanh', 26),
                                                                 (1523, 'Xã Yên Thọ', 26),
                                                                 (1524, 'Xã Xuân Thái', 26),
                                                                 (1525, 'Xã Thanh Kỳ', 26),
                                                                 (1526, 'Xã Bát Mọt', 26),
                                                                 (1527, 'Xã Yên Nhân', 26),
                                                                 (1528, 'Xã Lương Sơn', 26),
                                                                 (1529, 'Xã Thường Xuân', 26),
                                                                 (1530, 'Xã Luận Thành', 26),
                                                                 (1531, 'Xã Tân Thành', 26),
                                                                 (1532, 'Xã Vạn Xuân', 26),
                                                                 (1533, 'Xã Thắng Lộc', 26),
                                                                 (1534, 'Xã Xuân Chinh', 26),
                                                                 (1535, 'Xã Anh Sơn', 17),
                                                                 (1536, 'Xã Yên Xuân', 17),
                                                                 (1537, 'Xã Nhân Hoà', 17),
                                                                 (1538, 'Xã Anh Sơn Đông', 17),
                                                                 (1539, 'Xã Vĩnh Tường', 17),
                                                                 (1540, 'Xã Thành Bình Thọ', 17),
                                                                 (1541, 'Xã Con Cuông', 17),
                                                                 (1542, 'Xã Môn Sơn', 17),
                                                                 (1543, 'Xã Mậu Thạch', 17),
                                                                 (1544, 'Xã Cam Phục', 17),
                                                                 (1545, 'Xã Châu Khê', 17),
                                                                 (1546, 'Xã Bình Chuẩn', 17),
                                                                 (1547, 'Xã Diễn Châu', 17),
                                                                 (1548, 'Xã Đức Châu', 17),
                                                                 (1549, 'Xã Quảng Châu', 17),
                                                                 (1550, 'Xã Hải Châu', 17),
                                                                 (1551, 'Xã Tân Châu', 17),
                                                                 (1552, 'Xã An Châu', 17),
                                                                 (1553, 'Xã Minh Châu', 17),
                                                                 (1554, 'Xã Hùng Châu', 17),
                                                                 (1555, 'Xã Đô Lương', 17),
                                                                 (1556, 'Xã Bạch Ngọc', 17),
                                                                 (1557, 'Xã Văn Hiến', 17),
                                                                 (1558, 'Xã Bạch Hà', 17),
                                                                 (1559, 'Xã Thuần Trung', 17),
                                                                 (1560, 'Xã Lương Sơn', 17),
                                                                 (1561, 'Phường Hoàng Mai', 17),
                                                                 (1562, 'Phường Tân Mai', 17),
                                                                 (1563, 'Phường Quỳnh Mai', 17),
                                                                 (1564, 'Xã Hưng Nguyên', 17),
                                                                 (1565, 'Xã Yên Trung', 17),
                                                                 (1566, 'Xã Hưng Nguyên Nam', 17),
                                                                 (1567, 'Xã Lam Thành', 17),
                                                                 (1568, 'Xã Mường Xén', 17),
                                                                 (1569, 'Xã Hữu Kiệm', 17),
                                                                 (1570, 'Xã Nậm Cắn', 17),
                                                                 (1571, 'Xã Chiêu Lưu', 17),
                                                                 (1572, 'Xã Na Loi', 17),
                                                                 (1573, 'Xã Mường Típ', 17),
                                                                 (1574, 'Xã Na Ngoi', 17),
                                                                 (1575, 'Xã Mỹ Lý', 17),
                                                                 (1576, 'Xã Bắc Lý', 17),
                                                                 (1577, 'Xã Keng Đu', 17),
                                                                 (1578, 'Xã Huồi Tụ', 17),
                                                                 (1579, 'Xã Mường Lống', 17),
                                                                 (1580, 'Xã Vạn An', 17),
                                                                 (1581, 'Xã Nam Đàn', 17),
                                                                 (1582, 'Xã Đại Huệ', 17),
                                                                 (1583, 'Xã Thiên Nhẫn', 17),
                                                                 (1584, 'Xã Kim Liên', 17),
                                                                 (1585, 'Xã Nghĩa Đàn', 17),
                                                                 (1586, 'Xã Nghĩa Thọ', 17),
                                                                 (1587, 'Xã Nghĩa Lâm', 17),
                                                                 (1588, 'Xã Nghĩa Mai', 17),
                                                                 (1589, 'Xã Nghĩa Hưng', 17),
                                                                 (1590, 'Xã Nghĩa Khánh', 17),
                                                                 (1591, 'Xã Nghĩa Lộc', 17),
                                                                 (1592, 'Xã Nghi Lộc', 17),
                                                                 (1593, 'Xã Phúc Lộc', 17),
                                                                 (1594, 'Xã Đông Lộc', 17),
                                                                 (1595, 'Xã Trung Lộc', 17),
                                                                 (1596, 'Xã Thần Lĩnh', 17),
                                                                 (1597, 'Xã Hải Lộc', 17),
                                                                 (1598, 'Xã Văn Kiều', 17),
                                                                 (1599, 'Xã Quế Phong', 17),
                                                                 (1600, 'Xã Tiền Phong', 17),
                                                                 (1601, 'Xã Tri Lễ', 17),
                                                                 (1602, 'Xã Mường Quàng', 17),
                                                                 (1603, 'Xã Thông Thụ', 17),
                                                                 (1604, 'Xã Quỳ Châu', 17),
                                                                 (1605, 'Xã Châu Tiến', 17),
                                                                 (1606, 'Xã Hùng Chân', 17),
                                                                 (1607, 'Xã Châu Bình', 17),
                                                                 (1608, 'Xã Quỳ Hợp', 17),
                                                                 (1609, 'Xã Tam Hợp', 17),
                                                                 (1610, 'Xã Châu Lộc', 17),
                                                                 (1611, 'Xã Châu Hồng', 17),
                                                                 (1612, 'Xã Mường Ham', 17),
                                                                 (1613, 'Xã Mường Chọng', 17),
                                                                 (1614, 'Xã Minh Hợp', 17),
                                                                 (1615, 'Xã Quỳnh Lưu', 17),
                                                                 (1616, 'Xã Quỳnh Văn', 17),
                                                                 (1617, 'Xã Quỳnh Anh', 17),
                                                                 (1618, 'Xã Quỳnh Tam', 17),
                                                                 (1619, 'Xã Quỳnh Phú', 17),
                                                                 (1620, 'Xã Quỳnh Sơn', 17),
                                                                 (1621, 'Xã Quỳnh Thắng', 17),
                                                                 (1622, 'Xã Tân Kỳ', 17),
                                                                 (1623, 'Xã Tân Phú', 17),
                                                                 (1624, 'Xã Tân An', 17),
                                                                 (1625, 'Xã Nghĩa Đồng', 17),
                                                                 (1626, 'Xã Giai Xuân', 17),
                                                                 (1627, 'Xã Nghĩa Hành', 17),
                                                                 (1628, 'Xã Tiên Đồng', 17),
                                                                 (1629, 'Phường Thái Hoà', 17),
                                                                 (1630, 'Phường Tây Hiếu', 17),
                                                                 (1631, 'Xã Đông Hiếu', 17),
                                                                 (1632, 'Xã Cát Ngạn', 17),
                                                                 (1633, 'Xã Tam Đồng', 17),
                                                                 (1634, 'Xã Hạnh Lâm', 17),
                                                                 (1635, 'Xã Sơn Lâm', 17),
                                                                 (1636, 'Xã Hoa Quân', 17),
                                                                 (1637, 'Xã Kim Bảng', 17),
                                                                 (1638, 'Xã Bích Hào', 17),
                                                                 (1639, 'Xã Đại Đồng', 17),
                                                                 (1640, 'Xã Xuân Lâm', 17),
                                                                 (1641, 'Xã Tam Quang', 17),
                                                                 (1642, 'Xã Tam Thái', 17),
                                                                 (1643, 'Xã Tương Dương', 17),
                                                                 (1644, 'Xã Lượng Minh', 17),
                                                                 (1645, 'Xã Yên Na', 17),
                                                                 (1646, 'Xã Yên Hoà', 17),
                                                                 (1647, 'Xã Nga My', 17),
                                                                 (1648, 'Xã Hữu Khuông', 17),
                                                                 (1649, 'Xã Nhôn Mai', 17),
                                                                 (1650, 'Phường Trường Vinh', 17),
                                                                 (1651, 'Phường Thành Vinh', 17),
                                                                 (1652, 'Phường Vinh Hưng', 17),
                                                                 (1653, 'Phường Vinh Phú', 17),
                                                                 (1654, 'Phường Vinh Lộc', 17),
                                                                 (1655, 'Phường Cửa Lò', 17),
                                                                 (1656, 'Xã Yên Thành', 17),
                                                                 (1657, 'Xã Quan Thành', 17),
                                                                 (1658, 'Xã Hợp Minh', 17),
                                                                 (1659, 'Xã Vân Tụ', 17),
                                                                 (1660, 'Xã Vân Du', 17),
                                                                 (1661, 'Xã Quang Đồng', 17),
                                                                 (1662, 'Xã Giai Lạc', 17),
                                                                 (1663, 'Xã Bình Minh', 17),
                                                                 (1664, 'Xã Đông Thành', 17),
                                                                 (1665, 'Phường Sông Trí', 10),
                                                                 (1666, 'Phường Hải Ninh', 10),
                                                                 (1667, 'Phường Hoành Sơn', 10),
                                                                 (1668, 'Phường Vũng Áng', 10),
                                                                 (1669, 'Xã Kỳ Xuân', 10),
                                                                 (1670, 'Xã Kỳ Anh', 10),
                                                                 (1671, 'Xã Kỳ Hoa', 10),
                                                                 (1672, 'Xã Kỳ Văn', 10),
                                                                 (1673, 'Xã Kỳ Khang', 10),
                                                                 (1674, 'Xã Kỳ Lạc', 10),
                                                                 (1675, 'Xã Kỳ Thượng', 10),
                                                                 (1676, 'Xã Cẩm Xuyên', 10),
                                                                 (1677, 'Xã Thiên Cầm', 10),
                                                                 (1678, 'Xã Cẩm Duệ', 10),
                                                                 (1679, 'Xã Cẩm Hưng', 10),
                                                                 (1680, 'Xã Cẩm Lạc', 10),
                                                                 (1681, 'Xã Cẩm Trung', 10),
                                                                 (1682, 'Xã Yên Hoà', 10),
                                                                 (1683, 'Phường Thành Sen', 10),
                                                                 (1684, 'Phường Trần Phú', 10),
                                                                 (1685, 'Phường Hà Huy Tập', 10),
                                                                 (1686, 'Xã Thạch Lạc', 10),
                                                                 (1687, 'Xã Đồng Tiến', 10),
                                                                 (1688, 'Xã Thạch Khê', 10),
                                                                 (1689, 'Xã Cẩm Bình', 10),
                                                                 (1690, 'Xã Thạch Hà', 10),
                                                                 (1691, 'Xã Toàn Lưu', 10),
                                                                 (1692, 'Xã Việt Xuyên', 10),
                                                                 (1693, 'Xã Đông Kinh', 10),
                                                                 (1694, 'Xã Thạch Xuân', 10),
                                                                 (1695, 'Xã Lộc Hà', 10),
                                                                 (1696, 'Xã Hồng Lộc', 10),
                                                                 (1697, 'Xã Mai Phụ', 10),
                                                                 (1698, 'Xã Can Lộc', 10),
                                                                 (1699, 'Xã Tùng Lộc', 10),
                                                                 (1700, 'Xã Gia Hanh', 10),
                                                                 (1701, 'Xã Trường Lưu', 10),
                                                                 (1702, 'Xã Xuân Lộc', 10),
                                                                 (1703, 'Xã Đồng Lộc', 10),
                                                                 (1704, 'Phường Bắc Hồng Lĩnh', 10),
                                                                 (1705, 'Phường Nam Hồng Lĩnh', 10),
                                                                 (1706, 'Xã Tiên Điền', 10),
                                                                 (1707, 'Xã Nghi Xuân', 10),
                                                                 (1708, 'Xã Cổ Đạm', 10),
                                                                 (1709, 'Xã Đan Hải', 10),
                                                                 (1710, 'Xã Đức Thọ', 10),
                                                                 (1711, 'Xã Đức Quang', 10),
                                                                 (1712, 'Xã Đức Đồng', 10),
                                                                 (1713, 'Xã Đức Thịnh', 10),
                                                                 (1714, 'Xã Đức Minh', 10),
                                                                 (1715, 'Xã Hương Sơn', 10),
                                                                 (1716, 'Xã Sơn Tây', 10),
                                                                 (1717, 'Xã Tứ Mỹ', 10),
                                                                 (1718, 'Xã Sơn Giang', 10),
                                                                 (1719, 'Xã Sơn Tiến', 10),
                                                                 (1720, 'Xã Sơn Hồng', 10),
                                                                 (1721, 'Xã Kim Hoa', 10),
                                                                 (1722, 'Xã Vũ Quang', 10),
                                                                 (1723, 'Xã Mai Hoa', 10),
                                                                 (1724, 'Xã Thượng Đức', 10),
                                                                 (1725, 'Xã Hương Khê', 10),
                                                                 (1726, 'Xã Hương Phố', 10),
                                                                 (1727, 'Xã Hương Đô', 10),
                                                                 (1728, 'Xã Hà Linh', 10),
                                                                 (1729, 'Xã Hương Bình', 10),
                                                                 (1730, 'Xã Phúc Trạch', 10),
                                                                 (1731, 'Xã Hương Xuân', 10),
                                                                 (1732, 'Xã Sơn Kim 1', 10),
                                                                 (1733, 'Xã Sơn Kim 2', 10),
                                                                 (1771, 'Phường Đồng Hới', 22),
                                                                 (1772, 'Phường Đồng Thuận', 22),
                                                                 (1773, 'Phường Đồng Sơn', 22),
                                                                 (1774, 'Xã Nam Gianh', 22),
                                                                 (1775, 'Xã Nam Ba Đồn', 22),
                                                                 (1776, 'Phường Ba Đồn', 22),
                                                                 (1777, 'Phường Bắc Gianh', 22),
                                                                 (1778, 'Xã Dân Hóa', 22),
                                                                 (1779, 'Xã Kim Điền', 22),
                                                                 (1780, 'Xã Kim Phú', 22),
                                                                 (1781, 'Xã Minh Hóa', 22),
                                                                 (1782, 'Xã Tân Thành', 22),
                                                                 (1783, 'Xã Tuyên Lâm', 22),
                                                                 (1784, 'Xã Tuyên Sơn', 22),
                                                                 (1785, 'Xã Đồng Lê', 22),
                                                                 (1786, 'Xã Tuyên Phú', 22),
                                                                 (1787, 'Xã Tuyên Bình', 22),
                                                                 (1788, 'Xã Tuyên Hóa', 22),
                                                                 (1789, 'Xã Tân Gianh', 22),
                                                                 (1790, 'Xã Trung Thuần', 22),
                                                                 (1791, 'Xã Quảng Trạch', 22),
                                                                 (1792, 'Xã Hoà Trạch', 22),
                                                                 (1793, 'Xã Phú Trạch', 22),
                                                                 (1794, 'Xã Thượng Trạch', 22),
                                                                 (1795, 'Xã Phong Nha', 22),
                                                                 (1796, 'Xã Bắc Trạch', 22),
                                                                 (1797, 'Xã Đông Trạch', 22),
                                                                 (1798, 'Xã Hoàn Lão', 22),
                                                                 (1799, 'Xã Bố Trạch', 22),
                                                                 (1800, 'Xã Nam Trạch', 22),
                                                                 (1801, 'Xã Quảng Ninh', 22),
                                                                 (1802, 'Xã Ninh Châu', 22),
                                                                 (1803, 'Xã Trường Ninh', 22),
                                                                 (1804, 'Xã Trường Sơn', 22),
                                                                 (1805, 'Xã Lệ Thủy', 22),
                                                                 (1806, 'Xã Cam Hồng', 22),
                                                                 (1807, 'Xã Sen Ngư', 22),
                                                                 (1808, 'Xã Tân Mỹ', 22),
                                                                 (1809, 'Xã Trường Phú', 22),
                                                                 (1810, 'Xã Lệ Ninh', 22),
                                                                 (1811, 'Xã Kim Ngân', 22),
                                                                 (1737, 'Phường Đông Hà', 22),
                                                                 (1738, 'Phường Nam Đông Hà', 22),
                                                                 (1770, 'Phường Quảng Trị', 22),
                                                                 (1751, 'Xã Vĩnh Linh', 22),
                                                                 (1752, 'Xã Cửa Tùng', 22),
                                                                 (1753, 'Xã Vĩnh Hoàng', 22),
                                                                 (1754, 'Xã Vĩnh Thủy', 22),
                                                                 (1755, 'Xã Bến Quan', 22),
                                                                 (1756, 'Xã Cồn Tiên', 22),
                                                                 (1757, 'Xã Cửa Việt', 22),
                                                                 (1758, 'Xã Gio Linh', 22),
                                                                 (1759, 'Xã Bến Hải', 22),
                                                                 (1739, 'Xã Hướng Lập', 22),
                                                                 (1740, 'Xã Hướng Phùng', 22),
                                                                 (1741, 'Xã Khe Sanh', 22),
                                                                 (1742, 'Xã Tân Lập', 22),
                                                                 (1743, 'Xã Lao Bảo', 22),
                                                                 (1744, 'Xã Lìa', 22),
                                                                 (1745, 'Xã A Dơi', 22),
                                                                 (1746, 'Xã La Lay', 22),
                                                                 (1747, 'Xã Tà Rụt', 22),
                                                                 (1748, 'Xã Đakrông', 22),
                                                                 (1749, 'Xã Ba Lòng', 22),
                                                                 (1750, 'Xã Hướng Hiệp', 22),
                                                                 (1735, 'Xã Cam Lộ', 22),
                                                                 (1736, 'Xã Hiếu Giang', 22),
                                                                 (1760, 'Xã Triệu Phong', 22),
                                                                 (1761, 'Xã Ái Tử', 22),
                                                                 (1762, 'Xã Triệu Bình', 22),
                                                                 (1763, 'Xã Triệu Cơ', 22),
                                                                 (1764, 'Xã Nam Cửa Việt', 22),
                                                                 (1765, 'Xã Diên Sanh', 22),
                                                                 (1766, 'Xã Mỹ Thủy', 22),
                                                                 (1767, 'Xã Hải Lăng', 22),
                                                                 (1768, 'Xã Vĩnh Định', 22),
                                                                 (1769, 'Xã Nam Hải Lăng', 22),
                                                                 (1734, 'Đặc khu Cồn Cỏ', 22),
                                                                 (1812, 'Phường Thuận An', 32),
                                                                 (1813, 'Phường Hóa Châu', 32),
                                                                 (1814, 'Phường Mỹ Thượng', 32),
                                                                 (1815, 'Phường Vỹ Dạ', 32),
                                                                 (1816, 'Phường Thuận Hóa', 32),
                                                                 (1817, 'Phường An Cựu', 32),
                                                                 (1818, 'Phường Thủy Xuân', 32),
                                                                 (1819, 'Phường Kim Long', 32),
                                                                 (1820, 'Phường Hương An', 32),
                                                                 (1821, 'Phường Phú Xuân', 32),
                                                                 (1822, 'Phường Hương Trà', 32),
                                                                 (1823, 'Phường Kim Trà', 32),
                                                                 (1824, 'Phường Thanh Thủy', 32),
                                                                 (1825, 'Phường Hương Thủy', 32),
                                                                 (1826, 'Phường Phú Bài', 32),
                                                                 (1827, 'Phường Phong Điền', 32),
                                                                 (1828, 'Phường Phong Thái', 32),
                                                                 (1829, 'Phường Phong Dinh', 32),
                                                                 (1830, 'Phường Phong Phú', 32),
                                                                 (1831, 'Phường Phong Quảng', 32),
                                                                 (1832, 'Xã Đan Điền', 32),
                                                                 (1833, 'Xã Quảng Điền', 32),
                                                                 (1834, 'Xã Phú Vinh', 32),
                                                                 (1835, 'Xã Phú Hồ', 32),
                                                                 (1836, 'Xã Phú Vang', 32),
                                                                 (1837, 'Xã Vinh Lộc', 32),
                                                                 (1838, 'Xã Hưng Lộc', 32),
                                                                 (1839, 'Xã Lộc An', 32),
                                                                 (1840, 'Xã Phú Lộc', 32),
                                                                 (1841, 'Xã Chân Mây – Lăng Cô', 32),
                                                                 (1842, 'Xã Long Quảng', 32),
                                                                 (1843, 'Xã Nam Đông', 32),
                                                                 (1844, 'Xã Khe Tre', 32),
                                                                 (1845, 'Xã Bình Điền', 32),
                                                                 (1846, 'Xã A Lưới 1', 32),
                                                                 (1847, 'Xã A Lưới 2', 32),
                                                                 (1848, 'Xã A Lưới 3', 32),
                                                                 (1849, 'Xã A Lưới 4', 32),
                                                                 (1850, 'Xã A Lưới 5', 32),
                                                                 (1851, 'Phường Dương Nỗ', 32),
                                                                 (1930, 'Phường Hải Châu', 28),
                                                                 (1931, 'Phường Hoà Cường', 28),
                                                                 (1932, 'Phường Thanh Khê', 28),
                                                                 (1933, 'Phường An Khê', 28),
                                                                 (1934, 'Phường An Hải', 28),
                                                                 (1935, 'Phường Sơn Trà', 28),
                                                                 (1936, 'Phường Ngũ Hành Sơn', 28),
                                                                 (1937, 'Phường Hoà Khánh', 28),
                                                                 (1938, 'Phường Hải Vân', 28),
                                                                 (1939, 'Phường Liên Chiểu', 28),
                                                                 (1940, 'Phường Cẩm Lệ', 28),
                                                                 (1941, 'Phường Hoà Xuân', 28),
                                                                 (1942, 'Xã Hoà Vang', 28),
                                                                 (1943, 'Xã Hoà Tiến', 28),
                                                                 (1944, 'Xã Bà Nà', 28),
                                                                 (1945, 'Đặc khu Hoàng Sa', 28),
                                                                 (1852, 'Xã Núi Thành', 28),
                                                                 (1853, 'Xã Tam Mỹ', 28),
                                                                 (1854, 'Xã Tam Anh', 28),
                                                                 (1855, 'Xã Đức Phú', 28),
                                                                 (1856, 'Xã Tam Xuân', 28),
                                                                 (1857, 'Xã Tam Hải', 28),
                                                                 (1858, 'Phường Tam Kỳ', 28),
                                                                 (1859, 'Phường Quảng Phú', 28),
                                                                 (1860, 'Phường Hương Trà', 28),
                                                                 (1861, 'Phường Bàn Thạch', 28),
                                                                 (1862, 'Xã Tây Hồ', 28),
                                                                 (1863, 'Xã Chiên Đàn', 28),
                                                                 (1864, 'Xã Phú Ninh', 28),
                                                                 (1865, 'Xã Lãnh Ngọc', 28),
                                                                 (1866, 'Xã Tiên Phước', 28),
                                                                 (1867, 'Xã Thạnh Bình', 28),
                                                                 (1868, 'Xã Sơn Cẩm Hà', 28),
                                                                 (1869, 'Xã Trà Liên', 28),
                                                                 (1870, 'Xã Trà Giáp', 28),
                                                                 (1871, 'Xã Trà Tân', 28),
                                                                 (1872, 'Xã Trà Đốc', 28),
                                                                 (1873, 'Xã Trà My', 28),
                                                                 (1874, 'Xã Nam Trà My', 28),
                                                                 (1875, 'Xã Trà Tập', 28),
                                                                 (1876, 'Xã Trà Vân', 28),
                                                                 (1877, 'Xã Trà Linh', 28),
                                                                 (1878, 'Xã Trà Leng', 28),
                                                                 (1879, 'Xã Thăng Bình', 28),
                                                                 (1880, 'Xã Thăng An', 28),
                                                                 (1881, 'Xã Thăng Trường', 28),
                                                                 (1882, 'Xã Thăng Điền', 28),
                                                                 (1883, 'Xã Thăng Phú', 28),
                                                                 (1884, 'Xã Đồng Dương', 28),
                                                                 (1885, 'Xã Quế Sơn Trung', 28),
                                                                 (1886, 'Xã Quế Sơn', 28),
                                                                 (1887, 'Xã Xuân Phú', 28),
                                                                 (1888, 'Xã Nông Sơn', 28),
                                                                 (1889, 'Xã Quế Phước', 28),
                                                                 (1890, 'Xã Duy Nghĩa', 28),
                                                                 (1891, 'Xã Nam Phước', 28),
                                                                 (1892, 'Xã Duy Xuyên', 28),
                                                                 (1893, 'Xã Thu Bồn', 28),
                                                                 (1894, 'Phường Điện Bàn', 28),
                                                                 (1895, 'Phường Điện Bàn Đông', 28),
                                                                 (1896, 'Phường An Thắng', 28),
                                                                 (1897, 'Phường Điện Bàn Bắc', 28),
                                                                 (1898, 'Xã Điện Bàn Tây', 28),
                                                                 (1899, 'Xã Gò Nổi', 28),
                                                                 (1900, 'Phường Hội An', 28),
                                                                 (1901, 'Phường Hội An Đông', 28),
                                                                 (1902, 'Phường Hội An Tây', 28),
                                                                 (1903, 'Xã Tân Hiệp', 28),
                                                                 (1904, 'Xã Đại Lộc', 28),
                                                                 (1905, 'Xã Hà Nha', 28),
                                                                 (1906, 'Xã Thượng Đức', 28),
                                                                 (1907, 'Xã Vu Gia', 28),
                                                                 (1908, 'Xã Phú Thuận', 28),
                                                                 (1909, 'Xã Thạnh Mỹ', 28),
                                                                 (1910, 'Xã Bến Giằng', 28),
                                                                 (1911, 'Xã Nam Giang', 28),
                                                                 (1912, 'Xã Đắc Pring', 28),
                                                                 (1913, 'Xã La Dêê', 28),
                                                                 (1914, 'Xã La Êê', 28),
                                                                 (1915, 'Xã Sông Vàng', 28),
                                                                 (1916, 'Xã Sông Kôn', 28),
                                                                 (1917, 'Xã Đông Giang', 28),
                                                                 (1918, 'Xã Bến Hiên', 28),
                                                                 (1919, 'Xã Avương', 28),
                                                                 (1920, 'Xã Tây Giang', 28),
                                                                 (1921, 'Xã Hùng Sơn', 28),
                                                                 (1922, 'Xã Hiệp Đức', 28),
                                                                 (1923, 'Xã Việt An', 28),
                                                                 (1924, 'Xã Phước Trà', 28),
                                                                 (1925, 'Xã Khâm Đức', 28),
                                                                 (1926, 'Xã Phước Năng', 28),
                                                                 (1927, 'Xã Phước Chánh', 28),
                                                                 (1928, 'Xã Phước Thành', 28),
                                                                 (1929, 'Xã Phước Hiệp', 28),
                                                                 (1986, 'Xã Tịnh Khê', 20),
                                                                 (1987, 'Phường Trương Quang Trọng', 20),
                                                                 (1988, 'Xã An Phú', 20),
                                                                 (1989, 'Phường Cẩm Thành', 20),
                                                                 (1990, 'Phường Nghĩa Lộ', 20),
                                                                 (1991, 'Phường Trà Câu', 20),
                                                                 (1992, 'Xã Nguyễn Nghiêm', 20),
                                                                 (1993, 'Phường Đức Phổ', 20),
                                                                 (1994, 'Xã Khánh Cường', 20),
                                                                 (1995, 'Phường Sa Huỳnh', 20),
                                                                 (1996, 'Xã Bình Minh', 20),
                                                                 (1997, 'Xã Bình Chương', 20),
                                                                 (1998, 'Xã Bình Sơn', 20),
                                                                 (1999, 'Xã Vạn Tường', 20),
                                                                 (2000, 'Xã Đông Sơn', 20),
                                                                 (2001, 'Xã Trường Giang', 20),
                                                                 (2002, 'Xã Ba Gia', 20),
                                                                 (2003, 'Xã Sơn Tịnh', 20),
                                                                 (2004, 'Xã Thọ Phong', 20),
                                                                 (2005, 'Xã Tư Nghĩa', 20),
                                                                 (2006, 'Xã Vệ Giang', 20),
                                                                 (2007, 'Xã Nghĩa Giang', 20),
                                                                 (2008, 'Xã Trà Giang', 20),
                                                                 (2009, 'Xã Nghĩa Hành', 20),
                                                                 (2010, 'Xã Đình Cương', 20),
                                                                 (2011, 'Xã Thiện Tín', 20),
                                                                 (2012, 'Xã Phước Giang', 20),
                                                                 (2013, 'Xã Long Phụng', 20),
                                                                 (2014, 'Xã Mỏ Cày', 20),
                                                                 (2015, 'Xã Mộ Đức', 20),
                                                                 (2016, 'Xã Lân Phong', 20),
                                                                 (2017, 'Xã Trà Bồng', 20),
                                                                 (2018, 'Xã Đông Trà Bồng', 20),
                                                                 (2019, 'Xã Tây Trà', 20),
                                                                 (2020, 'Xã Thanh Bồng', 20),
                                                                 (2021, 'Xã Cà Đam', 20),
                                                                 (2022, 'Xã Tây Trà Bồng', 20),
                                                                 (2023, 'Xã Sơn Hạ', 20),
                                                                 (2024, 'Xã Sơn Linh', 20),
                                                                 (2025, 'Xã Sơn Hà', 20),
                                                                 (2026, 'Xã Sơn Thủy', 20),
                                                                 (2027, 'Xã Sơn Kỳ', 20),
                                                                 (2028, 'Xã Sơn Tây', 20),
                                                                 (2029, 'Xã Sơn Tây Thượng', 20),
                                                                 (2030, 'Xã Sơn Tây Hạ', 20),
                                                                 (2031, 'Xã Minh Long', 20),
                                                                 (2032, 'Xã Sơn Mai', 20),
                                                                 (2033, 'Xã Ba Vì', 20),
                                                                 (2034, 'Xã Ba Tô', 20),
                                                                 (2035, 'Xã Ba Dinh', 20),
                                                                 (2036, 'Xã Ba Tơ', 20),
                                                                 (2037, 'Xã Ba Vinh', 20),
                                                                 (2038, 'Xã Ba Động', 20),
                                                                 (2039, 'Xã Đặng Thùy Trâm', 20),
                                                                 (2040, 'Xã Ba Xa', 20),
                                                                 (2041, 'Đặc khu Lý Sơn', 20),
                                                                 (1946, 'Phường Kon Tum', 20),
                                                                 (1947, 'Phường Đăk Cấm', 20),
                                                                 (1948, 'Phường Đăk BLa', 20),
                                                                 (1949, 'Xã Ngọk Bay', 20),
                                                                 (1950, 'Xã Ia Chim', 20),
                                                                 (1951, 'Xã Đăk Rơ Wa', 20),
                                                                 (1952, 'Xã Đăk Pxi', 20),
                                                                 (1953, 'Xã Đăk Mar', 20),
                                                                 (1954, 'Xã Đăk Ui', 20),
                                                                 (1955, 'Xã Ngọk Réo', 20),
                                                                 (1956, 'Xã Đăk Hà', 20),
                                                                 (1957, 'Xã Ngọk Tụ', 20),
                                                                 (1958, 'Xã Đăk Tô', 20),
                                                                 (1959, 'Xã Kon Đào', 20),
                                                                 (1960, 'Xã Đăk Sao', 20),
                                                                 (1961, 'Xã Đăk Tờ Kan', 20),
                                                                 (1962, 'Xã Tu Mơ Rông', 20),
                                                                 (1963, 'Xã Măng Ri', 20),
                                                                 (1964, 'Xã Bờ Y', 20),
                                                                 (1965, 'Xã Sa Loong', 20),
                                                                 (1966, 'Xã Dục Nông', 20),
                                                                 (1967, 'Xã Xốp', 20),
                                                                 (1968, 'Xã Ngọc Linh', 20),
                                                                 (1969, 'Xã Đăk Plô', 20),
                                                                 (1970, 'Xã Đăk Pék', 20),
                                                                 (1971, 'Xã Đăk Môn', 20),
                                                                 (1972, 'Xã Sa Thầy', 20),
                                                                 (1973, 'Xã Sa Bình', 20),
                                                                 (1974, 'Xã Ya Ly', 20),
                                                                 (1975, 'Xã Ia Tơi', 20),
                                                                 (1976, 'Xã Đăk Kôi', 20),
                                                                 (1977, 'Xã Kon Braih', 20),
                                                                 (1978, 'Xã Đăk Rve', 20),
                                                                 (1979, 'Xã Măng Đen', 20),
                                                                 (1980, 'Xã Măng Bút', 20),
                                                                 (1981, 'Xã Kon Plông', 20),
                                                                 (1982, 'Xã Đăk Long', 20),
                                                                 (1983, 'Xã Rờ Kơi', 20),
                                                                 (1984, 'Xã Mô Rai', 20),
                                                                 (1985, 'Xã Ia Đal', 20),
                                                                 (2042, 'Phường Nha Trang', 12),
                                                                 (2043, 'Phường Bắc Nha Trang', 12),
                                                                 (2044, 'Phường Tây Nha Trang', 12),
                                                                 (2045, 'Phường Nam Nha Trang', 12),
                                                                 (2046, 'Phường Bắc Cam Ranh', 12),
                                                                 (2047, 'Phường Cam Ranh', 12),
                                                                 (2048, 'Phường Cam Linh', 12),
                                                                 (2049, 'Phường Ba Ngòi', 12),
                                                                 (2050, 'Xã Nam Cam Ranh', 12),
                                                                 (2051, 'Xã Bắc Ninh Hoà', 12),
                                                                 (2052, 'Phường Ninh Hoà', 12),
                                                                 (2053, 'Xã Tân Định', 12),
                                                                 (2054, 'Phường Đông Ninh Hoà', 12),
                                                                 (2055, 'Phường Hoà Thắng', 12),
                                                                 (2056, 'Xã Nam Ninh Hoà', 12),
                                                                 (2057, 'Xã Tây Ninh Hoà', 12),
                                                                 (2058, 'Xã Hoà Trí', 12),
                                                                 (2059, 'Xã Đại Lãnh', 12),
                                                                 (2060, 'Xã Tu Bông', 12),
                                                                 (2061, 'Xã Vạn Thắng', 12),
                                                                 (2062, 'Xã Vạn Ninh', 12),
                                                                 (2063, 'Xã Vạn Hưng', 12),
                                                                 (2064, 'Xã Diên Khánh', 12),
                                                                 (2065, 'Xã Diên Lạc', 12),
                                                                 (2066, 'Xã Diên Điền', 12),
                                                                 (2067, 'Xã Diên Lâm', 12),
                                                                 (2068, 'Xã Diên Thọ', 12),
                                                                 (2069, 'Xã Suối Hiệp', 12),
                                                                 (2070, 'Xã Cam Lâm', 12),
                                                                 (2071, 'Xã Suối Dầu', 12),
                                                                 (2072, 'Xã Cam Hiệp', 12),
                                                                 (2073, 'Xã Cam An', 12),
                                                                 (2074, 'Xã Bắc Khánh Vĩnh', 12),
                                                                 (2075, 'Xã Trung Khánh Vĩnh', 12),
                                                                 (2076, 'Xã Tây Khánh Vĩnh', 12),
                                                                 (2077, 'Xã Nam Khánh Vĩnh', 12),
                                                                 (2078, 'Xã Khánh Vĩnh', 12),
                                                                 (2079, 'Xã Khánh Sơn', 12),
                                                                 (2080, 'Xã Tây Khánh Sơn', 12),
                                                                 (2081, 'Xã Đông Khánh Sơn', 12),
                                                                 (2082, 'Đặc khu Trường Sa', 12),
                                                                 (2083, 'Phường Phan Rang', 12),
                                                                 (2084, 'Phường Đông Hải', 12),
                                                                 (2085, 'Phường Ninh Chử', 12),
                                                                 (2086, 'Phường Bảo An', 12),
                                                                 (2087, 'Phường Đô Vinh', 12),
                                                                 (2088, 'Xã Ninh Phước', 12),
                                                                 (2089, 'Xã Phước Hữu', 12),
                                                                 (2090, 'Xã Phước Hậu', 12),
                                                                 (2091, 'Xã Thuận Nam', 12),
                                                                 (2092, 'Xã Cà Ná', 12),
                                                                 (2093, 'Xã Phước Hà', 12),
                                                                 (2094, 'Xã Phước Dinh', 12),
                                                                 (2095, 'Xã Ninh Hải', 12),
                                                                 (2096, 'Xã Xuân Hải', 12),
                                                                 (2097, 'Xã Vĩnh Hải', 12),
                                                                 (2098, 'Xã Thuận Bắc', 12),
                                                                 (2099, 'Xã Công Hải', 12),
                                                                 (2100, 'Xã Ninh Sơn', 12),
                                                                 (2101, 'Xã Lâm Sơn', 12),
                                                                 (2102, 'Xã Anh Dũng', 12),
                                                                 (2103, 'Xã Mỹ Sơn', 12),
                                                                 (2104, 'Xã Bác Ái Đông', 12),
                                                                 (2105, 'Xã Bác Ái', 12),
                                                                 (2106, 'Xã Bác Ái Tây', 12),
                                                                 (2185, 'Phường Quy Nhơn', 9),
                                                                 (2186, 'Phường Quy Nhơn Đông', 9),
                                                                 (2187, 'Phường Quy Nhơn Tây', 9),
                                                                 (2188, 'Phường Quy Nhơn Nam', 9),
                                                                 (2189, 'Phường Quy Nhơn Bắc', 9),
                                                                 (2190, 'Phường Bình Định', 9),
                                                                 (2191, 'Phường An Nhơn', 9),
                                                                 (2192, 'Phường An Nhơn Đông', 9),
                                                                 (2193, 'Phường An Nhơn Nam', 9),
                                                                 (2194, 'Phường An Nhơn Bắc', 9),
                                                                 (2195, 'Xã An Nhơn Tây', 9),
                                                                 (2196, 'Phường Bồng Sơn', 9),
                                                                 (2197, 'Phường Hoài Nhơn', 9),
                                                                 (2198, 'Phường Tam Quan', 9),
                                                                 (2199, 'Phường Hoài Nhơn Đông', 9),
                                                                 (2200, 'Phường Hoài Nhơn Tây', 9),
                                                                 (2201, 'Phường Hoài Nhơn Nam', 9),
                                                                 (2202, 'Phường Hoài Nhơn Bắc', 9),
                                                                 (2203, 'Xã Phù Cát', 9),
                                                                 (2204, 'Xã Xuân An', 9),
                                                                 (2205, 'Xã Ngô Mây', 9),
                                                                 (2206, 'Xã Cát Tiến', 9),
                                                                 (2207, 'Xã Đề Gi', 9),
                                                                 (2208, 'Xã Hoà Hội', 9),
                                                                 (2209, 'Xã Hội Sơn', 9),
                                                                 (2210, 'Xã Phù Mỹ', 9),
                                                                 (2211, 'Xã An Lương', 9),
                                                                 (2212, 'Xã Bình Dương', 9),
                                                                 (2213, 'Xã Phù Mỹ Đông', 9),
                                                                 (2214, 'Xã Phù Mỹ Tây', 9),
                                                                 (2215, 'Xã Phù Mỹ Nam', 9),
                                                                 (2216, 'Xã Phù Mỹ Bắc', 9),
                                                                 (2217, 'Xã Tuy Phước', 9),
                                                                 (2218, 'Xã Tuy Phước Đông', 9),
                                                                 (2219, 'Xã Tuy Phước Tây', 9),
                                                                 (2220, 'Xã Tuy Phước Bắc', 9),
                                                                 (2221, 'Xã Tây Sơn', 9),
                                                                 (2222, 'Xã Bình Khê', 9),
                                                                 (2223, 'Xã Bình Phú', 9),
                                                                 (2224, 'Xã Bình Hiệp', 9),
                                                                 (2225, 'Xã Bình An', 9),
                                                                 (2226, 'Xã Hoài Ân', 9),
                                                                 (2227, 'Xã Ân Tường', 9),
                                                                 (2228, 'Xã Kim Sơn', 9),
                                                                 (2229, 'Xã Vạn Đức', 9),
                                                                 (2230, 'Xã Ân Hảo', 9),
                                                                 (2231, 'Xã Vân Canh', 9),
                                                                 (2232, 'Xã Canh Vinh', 9),
                                                                 (2233, 'Xã Canh Liên', 9),
                                                                 (2234, 'Xã Vĩnh Thạnh', 9),
                                                                 (2235, 'Xã Vĩnh Thịnh', 9),
                                                                 (2236, 'Xã Vĩnh Quang', 9),
                                                                 (2237, 'Xã Vĩnh Sơn', 9),
                                                                 (2238, 'Xã An Hoà', 9),
                                                                 (2239, 'Xã An Lão', 9),
                                                                 (2240, 'Xã An Vinh', 9),
                                                                 (2241, 'Xã An Toàn', 9),
                                                                 (2107, 'Phường Pleiku', 9),
                                                                 (2108, 'Phường Hội Phú', 9),
                                                                 (2109, 'Phường Thống Nhất', 9),
                                                                 (2110, 'Phường Diên Hồng', 9),
                                                                 (2111, 'Phường An Phú', 9),
                                                                 (2112, 'Xã Biển Hồ', 9),
                                                                 (2113, 'Xã Gào', 9),
                                                                 (2114, 'Xã Ia Ly', 9),
                                                                 (2115, 'Xã Chư Păh', 9),
                                                                 (2116, 'Xã Ia Khươl', 9),
                                                                 (2117, 'Xã Ia Phí', 9),
                                                                 (2118, 'Xã Chư Prông', 9),
                                                                 (2119, 'Xã Bàu Cạn', 9),
                                                                 (2120, 'Xã Ia Boòng', 9),
                                                                 (2121, 'Xã Ia Lâu', 9),
                                                                 (2122, 'Xã Ia Pia', 9),
                                                                 (2123, 'Xã Ia Tôr', 9),
                                                                 (2124, 'Xã Chư Sê', 9),
                                                                 (2125, 'Xã Bờ Ngoong', 9),
                                                                 (2126, 'Xã Ia Ko', 9),
                                                                 (2127, 'Xã Albá', 9),
                                                                 (2128, 'Xã Chư Pưh', 9),
                                                                 (2129, 'Xã Ia Le', 9),
                                                                 (2130, 'Xã Ia Hrú', 9),
                                                                 (2131, 'Phường An Khê', 9),
                                                                 (2132, 'Phường An Bình', 9),
                                                                 (2133, 'Xã Cửu An', 9),
                                                                 (2134, 'Xã Đak Pơ', 9),
                                                                 (2135, 'Xã Ya Hội', 9),
                                                                 (2136, 'Xã Kbang', 9),
                                                                 (2137, 'Xã Kông Bơ La', 9),
                                                                 (2138, 'Xã Tơ Tung', 9),
                                                                 (2139, 'Xã Sơn Lang', 9),
                                                                 (2140, 'Xã Đak Rong', 9),
                                                                 (2141, 'Xã Kông Chro', 9),
                                                                 (2142, 'Xã Ya Ma', 9),
                                                                 (2143, 'Xã Chư Krey', 9),
                                                                 (2144, 'Xã SRó', 9),
                                                                 (2145, 'Xã Đăk Song', 9),
                                                                 (2146, 'Xã Chơ Long', 9),
                                                                 (2147, 'Phường Ayun Pa', 9),
                                                                 (2148, 'Xã Ia Rbol', 9),
                                                                 (2149, 'Xã Ia Sao', 9),
                                                                 (2150, 'Xã Phú Thiện', 9),
                                                                 (2151, 'Xã Chư A Thai', 9),
                                                                 (2152, 'Xã Ia Hiao', 9),
                                                                 (2153, 'Xã Pờ Tó', 9),
                                                                 (2154, 'Xã Ia Pa', 9),
                                                                 (2155, 'Xã Ia Tul', 9),
                                                                 (2156, 'Xã Phú Túc', 9),
                                                                 (2157, 'Xã Ia Dreh', 9),
                                                                 (2158, 'Xã Ia Rsai', 9),
                                                                 (2159, 'Xã Uar', 9),
                                                                 (2160, 'Xã Đak Đoa', 9),
                                                                 (2161, 'Xã Kon Gang', 9),
                                                                 (2162, 'Xã Ia Băng', 9),
                                                                 (2163, 'Xã KDang', 9),
                                                                 (2164, 'Xã Đak Sơmei', 9),
                                                                 (2165, 'Xã Mang Yang', 9),
                                                                 (2166, 'Xã Lơ Pang', 9),
                                                                 (2167, 'Xã Kon Chiêng', 9),
                                                                 (2168, 'Xã Hra', 9),
                                                                 (2169, 'Xã Ayun', 9),
                                                                 (2170, 'Xã Ia Grai', 9),
                                                                 (2171, 'Xã Ia Krái', 9),
                                                                 (2172, 'Xã Ia Hrung', 9),
                                                                 (2173, 'Xã Đức Cơ', 9),
                                                                 (2174, 'Xã Ia Dơk', 9),
                                                                 (2175, 'Xã Ia Krêl', 9),
                                                                 (2176, 'Xã Nhơn Châu', 9),
                                                                 (2177, 'Xã Ia Púch', 9),
                                                                 (2178, 'Xã Ia Mơ', 9),
                                                                 (2179, 'Xã Ia Pnôn', 9),
                                                                 (2180, 'Xã Ia Nan', 9),
                                                                 (2181, 'Xã Ia Dom', 9),
                                                                 (2182, 'Xã Ia Chia', 9),
                                                                 (2183, 'Xã Ia O', 9),
                                                                 (2184, 'Xã Krong', 9),
                                                                 (2276, 'Xã Hoà Phú', 5),
                                                                 (2277, 'Phường Buôn Ma Thuột', 5),
                                                                 (2278, 'Phường Tân An', 5),
                                                                 (2279, 'Phường Tân Lập', 5),
                                                                 (2280, 'Phường Thành Nhất', 5),
                                                                 (2281, 'Phường Ea Kao', 5),
                                                                 (2282, 'Xã Ea Drông', 5),
                                                                 (2283, 'Phường Buôn Hồ', 5),
                                                                 (2284, 'Phường Cư Bao', 5),
                                                                 (2285, 'Xã Ea Súp', 5),
                                                                 (2286, 'Xã Ea Rốk', 5),
                                                                 (2287, 'Xã Ea Bung', 5),
                                                                 (2288, 'Xã Ia Rvê', 5),
                                                                 (2289, 'Xã Ia Lốp', 5),
                                                                 (2290, 'Xã Ea Wer', 5),
                                                                 (2291, 'Xã Ea Nuôl', 5),
                                                                 (2292, 'Xã Buôn Đôn', 5),
                                                                 (2293, 'Xã Ea Kiết', 5),
                                                                 (2294, 'Xã Ea M’Droh', 5),
                                                                 (2295, 'Xã Quảng Phú', 5),
                                                                 (2296, 'Xã Cuôr Đăng', 5),
                                                                 (2297, 'Xã Cư M’gar', 5),
                                                                 (2298, 'Xã Ea Tul', 5),
                                                                 (2299, 'Xã Pơng Drang', 5),
                                                                 (2300, 'Xã Krông Búk', 5),
                                                                 (2301, 'Xã Cư Pơng', 5),
                                                                 (2302, 'Xã Ea Khăl', 5),
                                                                 (2303, 'Xã Ea Drăng', 5),
                                                                 (2304, 'Xã Ea Wy', 5),
                                                                 (2305, 'Xã Ea H’leo', 5),
                                                                 (2306, 'Xã Ea Hiao', 5),
                                                                 (2307, 'Xã Krông Năng', 5),
                                                                 (2308, 'Xã Dliê Ya', 5),
                                                                 (2309, 'Xã Tam Giang', 5),
                                                                 (2310, 'Xã Phú Xuân', 5),
                                                                 (2311, 'Xã Krông Pắc', 5),
                                                                 (2312, 'Xã Ea Knuếc', 5),
                                                                 (2313, 'Xã Tân Tiến', 5),
                                                                 (2314, 'Xã Ea Phê', 5),
                                                                 (2315, 'Xã Ea Kly', 5),
                                                                 (2316, 'Xã Vụ Bổn', 5),
                                                                 (2317, 'Xã Ea Kar', 5),
                                                                 (2318, 'Xã Ea Ô', 5),
                                                                 (2319, 'Xã Ea Knốp', 5),
                                                                 (2320, 'Xã Cư Yang', 5),
                                                                 (2321, 'Xã Ea Păl', 5),
                                                                 (2322, 'Xã M’Drắk', 5),
                                                                 (2323, 'Xã Ea Riêng', 5),
                                                                 (2324, 'Xã Cư M’ta', 5),
                                                                 (2325, 'Xã Krông Á', 5),
                                                                 (2326, 'Xã Cư Prao', 5),
                                                                 (2327, 'Xã Ea Trang', 5),
                                                                 (2328, 'Xã Hoà Sơn', 5),
                                                                 (2329, 'Xã Dang Kang', 5),
                                                                 (2330, 'Xã Krông Bông', 5),
                                                                 (2331, 'Xã Yang Mao', 5),
                                                                 (2332, 'Xã Cư Pui', 5),
                                                                 (2333, 'Xã Liên Sơn Lắk', 5),
                                                                 (2334, 'Xã Đắk Liêng', 5),
                                                                 (2335, 'Xã Nam Ka', 5),
                                                                 (2336, 'Xã Đắk Phơi', 5),
                                                                 (2337, 'Xã Krông Nô', 5),
                                                                 (2338, 'Xã Ea Ning', 5),
                                                                 (2339, 'Xã Dray Bhăng', 5),
                                                                 (2340, 'Xã Ea Ktur', 5),
                                                                 (2341, 'Xã Krông Ana', 5),
                                                                 (2342, 'Xã Dur Kmăl', 5),
                                                                 (2343, 'Xã Ea Na', 5),
                                                                 (2242, 'Phường Tuy Hòa', 5),
                                                                 (2243, 'Phường Phú Yên', 5),
                                                                 (2244, 'Phường Bình Kiến', 5),
                                                                 (2245, 'Xã Xuân Thọ', 5),
                                                                 (2246, 'Xã Xuân Cảnh', 5),
                                                                 (2247, 'Xã Xuân Lộc', 5),
                                                                 (2248, 'Phường Xuân Đài', 5),
                                                                 (2249, 'Phường Sông Cầu', 5),
                                                                 (2250, 'Xã Hòa Xuân', 5),
                                                                 (2251, 'Phường Đông Hòa', 5),
                                                                 (2252, 'Phường Hòa Hiệp', 5),
                                                                 (2253, 'Xã Tuy An Bắc', 5),
                                                                 (2254, 'Xã Tuy An Đông', 5),
                                                                 (2255, 'Xã Ô Loan', 5),
                                                                 (2256, 'Xã Tuy An Nam', 5),
                                                                 (2257, 'Xã Tuy An Tây', 5),
                                                                 (2258, 'Xã Phú Hòa 1', 5),
                                                                 (2259, 'Xã Phú Hòa 2', 5),
                                                                 (2260, 'Xã Tây Hòa', 5),
                                                                 (2261, 'Xã Hòa Thịnh', 5),
                                                                 (2262, 'Xã Hòa Mỹ', 5),
                                                                 (2263, 'Xã Sơn Thành', 5),
                                                                 (2264, 'Xã Sơn Hòa', 5),
                                                                 (2265, 'Xã Vân Hòa', 5),
                                                                 (2266, 'Xã Tây Sơn', 5),
                                                                 (2267, 'Xã Suối Trai', 5),
                                                                 (2268, 'Xã Ea Ly', 5),
                                                                 (2269, 'Xã Ea Bá', 5),
                                                                 (2270, 'Xã Đức Bình', 5),
                                                                 (2271, 'Xã Sông Hinh', 5),
                                                                 (2272, 'Xã Xuân Lãnh', 5),
                                                                 (2273, 'Xã Phú Mỡ', 5),
                                                                 (2274, 'Xã Xuân Phước', 5),
                                                                 (2275, 'Xã Đồng Xuân', 5),
                                                                 (2344, 'Phường Xuân Hương - Đà Lạt', 14),
                                                                 (2345, 'Phường Cam Ly - Đà Lạt', 14),
                                                                 (2346, 'Phường Lâm Viên - Đà Lạt', 14),
                                                                 (2347, 'Phường Xuân Trường - Đà Lạt', 14),
                                                                 (2348, 'Phường Langbiang - Đà Lạt', 14),
                                                                 (2349, 'Phường 1 Bảo Lộc', 14),
                                                                 (2350, 'Phường 2 Bảo Lộc', 14),
                                                                 (2351, 'Phường 3 Bảo Lộc', 14),
                                                                 (2352, 'Phường B'' Lao', 14),
                                                                 (2353, 'Xã Lạc Dương', 14),
                                                                 (2354, 'Xã Đơn Dương', 14),
                                                                 (2355, 'Xã Ka Đô', 14),
                                                                 (2356, 'Xã Quảng Lập', 14),
                                                                 (2357, 'Xã D''Ran', 14),
                                                                 (2358, 'Xã Hiệp Thạnh', 14),
                                                                 (2359, 'Xã Đức Trọng', 14),
                                                                 (2360, 'Xã Tân Hội', 14),
                                                                 (2361, 'Xã Tà Hine', 14),
                                                                 (2362, 'Xã Tà Năng', 14),
                                                                 (2364, 'Xã Đinh Văn - Lâm Hà', 14),
                                                                 (2365, 'Xã Phú Sơn - Lâm Hà', 14),
                                                                 (2366, 'Xã Nam Hà - Lâm Hà', 14),
                                                                 (2367, 'Xã Nam Ban - Lâm Hà', 14),
                                                                 (2368, 'Xã Tân Hà - Lâm Hà', 14),
                                                                 (2369, 'Xã Phúc Thọ - Lâm Hà', 14),
                                                                 (2370, 'Xã Đam Rông 1', 14),
                                                                 (2371, 'Xã Đam Rông 2', 14),
                                                                 (2372, 'Xã Đam Rông 3', 14),
                                                                 (2373, 'Xã Đam Rông 4', 14),
                                                                 (2374, 'Xã Di Linh', 14),
                                                                 (2375, 'Xã Hoà Ninh', 14),
                                                                 (2376, 'Xã Hoà Bắc', 14),
                                                                 (2377, 'Xã Đinh Trang Thượng', 14),
                                                                 (2378, 'Xã Bảo Thuận', 14),
                                                                 (2379, 'Xã Sơn Điền', 14),
                                                                 (2380, 'Xã Gia Hiệp', 14),
                                                                 (2381, 'Xã Bảo Lâm 1', 14),
                                                                 (2382, 'Xã Bảo Lâm 2', 14),
                                                                 (2383, 'Xã Bảo Lâm 3', 14),
                                                                 (2384, 'Xã Bảo Lâm 4', 14),
                                                                 (2385, 'Xã Bảo Lâm 5', 14),
                                                                 (2386, 'Xã Đạ Huoai', 14),
                                                                 (2387, 'Xã Đạ Huoai 2', 14),
                                                                 (2388, 'Xã Đạ Huoai 3', 14),
                                                                 (2389, 'Xã Đạ Tẻh', 14),
                                                                 (2390, 'Xã Đạ Tẻh 2', 14),
                                                                 (2391, 'Xã Đạ Tẻh 3', 14),
                                                                 (2392, 'Xã Cát Tiên', 14),
                                                                 (2393, 'Xã Cát Tiên 2', 14),
                                                                 (2394, 'Xã Cát Tiên 3', 14),
                                                                 (2395, 'Phường Hàm Thắng', 14),
                                                                 (2396, 'Phường Bình Thuận', 14),
                                                                 (2397, 'Phường Mũi Né', 14),
                                                                 (2398, 'Phường Phú Thuỷ', 14),
                                                                 (2399, 'Phường Phan Thiết', 14),
                                                                 (2400, 'Phường Tiến Thành', 14),
                                                                 (2401, 'Phường La Gi', 14),
                                                                 (2402, 'Phường Phước Hội', 14),
                                                                 (2403, 'Xã Tuyên Quang', 14),
                                                                 (2404, 'Xã Tân Hải', 14),
                                                                 (2405, 'Xã Vĩnh Hảo', 14),
                                                                 (2406, 'Xã Liên Hương', 14),
                                                                 (2407, 'Xã Tuy Phong', 14),
                                                                 (2408, 'Xã Phan Rí Cửa', 14),
                                                                 (2409, 'Xã Bắc Bình', 14),
                                                                 (2410, 'Xã Hồng Thái', 14),
                                                                 (2411, 'Xã Hải Ninh', 14),
                                                                 (2412, 'Xã Phan Sơn', 14),
                                                                 (2413, 'Xã Sông Lũy', 14),
                                                                 (2414, 'Xã Lương Sơn', 14),
                                                                 (2415, 'Xã Hoà Thắng', 14),
                                                                 (2416, 'Xã Đông Giang', 14),
                                                                 (2417, 'Xã La Dạ', 14),
                                                                 (2418, 'Xã Hàm Thuận Bắc', 14),
                                                                 (2419, 'Xã Hàm Thuận', 14),
                                                                 (2420, 'Xã Hồng Sơn', 14),
                                                                 (2421, 'Xã Hàm Liêm', 14),
                                                                 (2422, 'Xã Hàm Thạnh', 14),
                                                                 (2423, 'Xã Hàm Kiệm', 14),
                                                                 (2424, 'Xã Tân Thành', 14),
                                                                 (2425, 'Xã Hàm Thuận Nam', 14),
                                                                 (2426, 'Xã Tân Lập', 14),
                                                                 (2427, 'Xã Tân Minh', 14),
                                                                 (2428, 'Xã Hàm Tân', 14),
                                                                 (2429, 'Xã Sơn Mỹ', 14),
                                                                 (2430, 'Xã Bắc Ruộng', 14),
                                                                 (2431, 'Xã Nghị Đức', 14),
                                                                 (2432, 'Xã Đồng Kho', 14),
                                                                 (2433, 'Xã Tánh Linh', 14),
                                                                 (2434, 'Xã Suối Kiết', 14),
                                                                 (2435, 'Xã Nam Thành', 14),
                                                                 (2436, 'Xã Đức Linh', 14),
                                                                 (2437, 'Xã Hoài Đức', 14),
                                                                 (2438, 'Xã Trà Tân', 14),
                                                                 (2439, 'Đặc khu Phú Quý', 14),
                                                                 (2440, 'Phường Bắc Gia Nghĩa', 14),
                                                                 (2441, 'Phường Nam Gia Nghĩa', 14),
                                                                 (2442, 'Phường Đông Gia Nghĩa', 14),
                                                                 (2443, 'Xã Đắk Wil', 14),
                                                                 (2444, 'Xã Nam Dong', 14),
                                                                 (2445, 'Xã Cư Jút', 14),
                                                                 (2446, 'Xã Thuận An', 14),
                                                                 (2447, 'Xã Đức Lập', 14),
                                                                 (2448, 'Xã Đắk Mil', 14),
                                                                 (2449, 'Xã Đắk Sắk', 14),
                                                                 (2450, 'Xã Nam Đà', 14),
                                                                 (2451, 'Xã Krông Nô', 14),
                                                                 (2452, 'Xã Nâm Nung', 14),
                                                                 (2453, 'Xã Quảng Phú', 14),
                                                                 (2454, 'Xã Đắk song', 14),
                                                                 (2455, 'Xã Đức An', 14),
                                                                 (2456, 'Xã Thuận Hạnh', 14),
                                                                 (2457, 'Xã Trường Xuân', 14),
                                                                 (2458, 'Xã Tà Đùng', 14),
                                                                 (2459, 'Xã Quảng Khê', 14),
                                                                 (2460, 'Xã Quảng Tân', 14),
                                                                 (2461, 'Xã Tuy Đức', 14),
                                                                 (2462, 'Xã Kiến Đức', 14),
                                                                 (2463, 'Xã Nhân Cơ', 14),
                                                                 (2464, 'Xã Quảng Tín', 14),
                                                                 (2363, 'Xã Ninh Gia', 14),
                                                                 (2465, 'Xã Quảng Hoà', 14),
                                                                 (2466, 'Xã Quảng Sơn', 14),
                                                                 (2467, 'Xã Quảng Trực', 14),
                                                                 (2504, 'Xã Hưng Điền', 24),
                                                                 (2505, 'Xã Vĩnh Thạnh', 24),
                                                                 (2506, 'Xã Tân Hưng', 24),
                                                                 (2507, 'Xã Vĩnh Châu', 24),
                                                                 (2508, 'Xã Tuyên Bình', 24),
                                                                 (2509, 'Xã Vĩnh Hưng', 24),
                                                                 (2510, 'Xã Khánh Hưng', 24),
                                                                 (2511, 'Xã Tuyên Thạnh', 24),
                                                                 (2512, 'Xã Bình Hiệp', 24),
                                                                 (2513, 'Phường Kiến Tường', 24),
                                                                 (2514, 'Xã Bình Hoà', 24),
                                                                 (2515, 'Xã Mộc Hoá', 24),
                                                                 (2516, 'Xã Hậu Thạnh', 24),
                                                                 (2517, 'Xã Nhơn Hoà Lập', 24),
                                                                 (2518, 'Xã Nhơn Ninh', 24),
                                                                 (2519, 'Xã Tân Thạnh', 24),
                                                                 (2520, 'Xã Bình Thành', 24),
                                                                 (2521, 'Xã Thạnh Phước', 24),
                                                                 (2522, 'Xã Thạnh Hóa', 24),
                                                                 (2523, 'Xã Tân Tây', 24),
                                                                 (2524, 'Xã Thủ Thừa', 24),
                                                                 (2525, 'Xã Mỹ An', 24),
                                                                 (2526, 'Xã Mỹ Thạnh', 24),
                                                                 (2527, 'Xã Tân Long', 24),
                                                                 (2528, 'Xã Mỹ Quý', 24),
                                                                 (2529, 'Xã Đông Thành', 24),
                                                                 (2530, 'Xã Đức Huệ', 24),
                                                                 (2531, 'Xã An Ninh', 24),
                                                                 (2532, 'Xã Hiệp Hoà', 24),
                                                                 (2533, 'Xã Hậu Nghĩa', 24),
                                                                 (2534, 'Xã Hoà Khánh', 24),
                                                                 (2535, 'Xã Đức Lập', 24),
                                                                 (2536, 'Xã Mỹ Hạnh', 24),
                                                                 (2537, 'Xã Đức Hoà', 24),
                                                                 (2538, 'Xã Thạnh Lợi', 24),
                                                                 (2539, 'Xã Bình Đức', 24),
                                                                 (2540, 'Xã Lương Hoà', 24),
                                                                 (2541, 'Xã Bến Lức', 24),
                                                                 (2542, 'Xã Mỹ Yên', 24),
                                                                 (2543, 'Xã Long Cang', 24),
                                                                 (2544, 'Xã Rạch Kiến', 24),
                                                                 (2545, 'Xã Mỹ Lệ', 24),
                                                                 (2546, 'Xã Tân Lân', 24),
                                                                 (2547, 'Xã Cần Đước', 24),
                                                                 (2548, 'Xã Long Hựu', 24),
                                                                 (2549, 'Xã Phước Lý', 24),
                                                                 (2550, 'Xã Mỹ Lộc', 24),
                                                                 (2551, 'Xã Cần Giuộc', 24),
                                                                 (2552, 'Xã Phước Vĩnh Tây', 24),
                                                                 (2553, 'Xã Tân Tập', 24),
                                                                 (2554, 'Xã Vàm Cỏ', 24),
                                                                 (2555, 'Xã Tân Trụ', 24),
                                                                 (2556, 'Xã Nhựt Tảo', 24),
                                                                 (2557, 'Xã Thuận Mỹ', 24),
                                                                 (2558, 'Xã An Lục Long', 24),
                                                                 (2559, 'Xã Tầm Vu', 24),
                                                                 (2560, 'Xã Vĩnh Công', 24),
                                                                 (2561, 'Phường Long An', 24),
                                                                 (2562, 'Phường Tân An', 24),
                                                                 (2563, 'Phường Khánh Hậu', 24),
                                                                 (2468, 'Phường Tân Ninh', 24),
                                                                 (2469, 'Phường Bình Minh', 24),
                                                                 (2470, 'Phường Ninh Thạnh', 24),
                                                                 (2471, 'Phường Long Hoa', 24),
                                                                 (2472, 'Phường Hoà Thành', 24),
                                                                 (2473, 'Phường Thanh Điền', 24),
                                                                 (2474, 'Phường Trảng Bàng', 24),
                                                                 (2475, 'Phường An Tịnh', 24),
                                                                 (2476, 'Phường Gò Dầu', 24),
                                                                 (2477, 'Phường Gia Lộc', 24),
                                                                 (2478, 'Xã Hưng Thuận', 24),
                                                                 (2479, 'Xã Phước Chỉ', 24),
                                                                 (2480, 'Xã Thạnh Đức', 24),
                                                                 (2481, 'Xã Phước Thạnh', 24),
                                                                 (2482, 'Xã Truông Mít', 24),
                                                                 (2483, 'Xã Lộc Ninh', 24),
                                                                 (2484, 'Xã Cầu Khởi', 24),
                                                                 (2485, 'Xã Dương Minh Châu', 24),
                                                                 (2486, 'Xã Tân Đông', 24),
                                                                 (2487, 'Xã Tân Châu', 24),
                                                                 (2488, 'Xã Tân Phú', 24),
                                                                 (2489, 'Xã Tân Hội', 24),
                                                                 (2490, 'Xã Tân Thành', 24),
                                                                 (2491, 'Xã Tân Hoà', 24),
                                                                 (2492, 'Xã Tân Lập', 24),
                                                                 (2493, 'Xã Tân Biên', 24),
                                                                 (2494, 'Xã Thạnh Bình', 24),
                                                                 (2495, 'Xã Trà Vong', 24),
                                                                 (2496, 'Xã Phước Vinh', 24),
                                                                 (2497, 'Xã Hoà Hội', 24),
                                                                 (2498, 'Xã Ninh Điền', 24),
                                                                 (2499, 'Xã Châu Thành', 24),
                                                                 (2500, 'Xã Hảo Đước', 24),
                                                                 (2501, 'Xã Long Chữ', 24),
                                                                 (2502, 'Xã Long Thuận', 24),
                                                                 (2503, 'Xã Bến Cầu', 24),
                                                                 (2564, 'Phường Biên Hoà', 7),
                                                                 (2565, 'Phường Trấn Biên', 7),
                                                                 (2566, 'Phường Tam Hiệp', 7),
                                                                 (2567, 'Phường Long Bình', 7),
                                                                 (2568, 'Phường Trảng Dài', 7),
                                                                 (2569, 'Phường Hố Nai', 7),
                                                                 (2570, 'Phường Long Hưng', 7),
                                                                 (2571, 'Xã Đại Phước', 7),
                                                                 (2572, 'Xã Nhơn Trạch', 7),
                                                                 (2573, 'Xã Phước An', 7),
                                                                 (2574, 'Xã Phước Thái', 7),
                                                                 (2575, 'Xã Long Phước', 7),
                                                                 (2576, 'Xã Bình An', 7),
                                                                 (2577, 'Xã Long Thành', 7),
                                                                 (2578, 'Xã An Phước', 7),
                                                                 (2579, 'Xã An Viễn', 7),
                                                                 (2580, 'Xã Bình Minh', 7),
                                                                 (2581, 'Xã Trảng Bom', 7),
                                                                 (2582, 'Xã Bàu Hàm', 7),
                                                                 (2583, 'Xã Hưng Thịnh', 7),
                                                                 (2584, 'Xã Dầu Giây', 7),
                                                                 (2585, 'Xã Gia Kiệm', 7),
                                                                 (2586, 'Xã Thống Nhất', 7),
                                                                 (2587, 'Phường Bình Lộc', 7),
                                                                 (2588, 'Phường Bảo Vinh', 7),
                                                                 (2589, 'Phường Xuân Lập', 7),
                                                                 (2590, 'Phường Long Khánh', 7),
                                                                 (2591, 'Phường Hàng Gòn', 7),
                                                                 (2592, 'Xã Xuân Quế', 7),
                                                                 (2593, 'Xã Xuân Đường', 7),
                                                                 (2594, 'Xã Cẩm Mỹ', 7),
                                                                 (2595, 'Xã Sông Ray', 7),
                                                                 (2596, 'Xã Xuân Đông', 7),
                                                                 (2597, 'Xã Xuân Định', 7),
                                                                 (2598, 'Xã Xuân Phú', 7),
                                                                 (2599, 'Xã Xuân Lộc', 7),
                                                                 (2600, 'Xã Xuân Hoà', 7),
                                                                 (2601, 'Xã Xuân Thành', 7),
                                                                 (2602, 'Xã Xuân Bắc', 7),
                                                                 (2603, 'Xã La Ngà', 7),
                                                                 (2604, 'Xã Định Quán', 7),
                                                                 (2605, 'Xã Phú Vinh', 7),
                                                                 (2606, 'Xã Phú Hoà', 7),
                                                                 (2607, 'Xã Tà Lài', 7),
                                                                 (2608, 'Xã Nam Cát Tiên', 7),
                                                                 (2609, 'Xã Tân Phú', 7),
                                                                 (2610, 'Xã Phú Lâm', 7),
                                                                 (2611, 'Xã Trị An', 7),
                                                                 (2612, 'Xã Tân An', 7),
                                                                 (2613, 'Phường Tân Triều', 7),
                                                                 (2614, 'Phường Minh Hưng', 7),
                                                                 (2615, 'Phường Chơn Thành', 7),
                                                                 (2616, 'Xã Nha Bích', 7),
                                                                 (2617, 'Xã Tân Quan', 7),
                                                                 (2618, 'Xã Tân Hưng', 7),
                                                                 (2619, 'Xã Tân Khai', 7),
                                                                 (2620, 'Xã Minh Đức', 7),
                                                                 (2621, 'Phường Bình Long', 7),
                                                                 (2622, 'Phường An Lộc', 7),
                                                                 (2623, 'Xã Lộc Thành', 7),
                                                                 (2624, 'Xã Lộc Ninh', 7),
                                                                 (2625, 'Xã Lộc Hưng', 7),
                                                                 (2626, 'Xã Lộc Tấn', 7),
                                                                 (2627, 'Xã Lộc Thạnh', 7),
                                                                 (2628, 'Xã Lộc Quang', 7),
                                                                 (2629, 'Xã Tân Tiến', 7),
                                                                 (2630, 'Xã Thiện Hưng', 7),
                                                                 (2631, 'Xã Hưng Phước', 7),
                                                                 (2632, 'Xã Phú Nghĩa', 7),
                                                                 (2633, 'Xã Đa Kia', 7),
                                                                 (2634, 'Phường Phước Bình', 7),
                                                                 (2635, 'Phường Phước Long', 7),
                                                                 (2636, 'Xã Bình Tân', 7),
                                                                 (2637, 'Xã Long Hà', 7),
                                                                 (2638, 'Xã Phú Riềng', 7),
                                                                 (2639, 'Xã Phú Trung', 7),
                                                                 (2640, 'Phường Đồng Xoài', 7),
                                                                 (2641, 'Phường Bình Phước', 7),
                                                                 (2642, 'Xã Thuận Lợi', 7),
                                                                 (2643, 'Xã Đồng Tâm', 7),
                                                                 (2644, 'Xã Tân Lợi', 7),
                                                                 (2645, 'Xã Đồng Phú', 7),
                                                                 (2646, 'Xã Phước Sơn', 7),
                                                                 (2647, 'Xã Nghĩa Trung', 7),
                                                                 (2648, 'Xã Bù Đăng', 7),
                                                                 (2649, 'Xã Thọ Sơn', 7),
                                                                 (2650, 'Xã Đak Nhau', 7),
                                                                 (2651, 'Xã Bom Bo', 7),
                                                                 (2652, 'Phường Tam Phước', 7),
                                                                 (2653, 'Phường Phước Tân', 7),
                                                                 (2654, 'Xã Thanh Sơn', 7),
                                                                 (2655, 'Xã Đak Lua', 7),
                                                                 (2656, 'Xã Phú Lý', 7),
                                                                 (2657, 'Xã Bù Gia Mập', 7),
                                                                 (2658, 'Xã Đăk Ơ', 7),
                                                                 (2695, 'Phường Vũng Tàu', 31),
                                                                 (2696, 'Phường Tam Thắng', 31),
                                                                 (2697, 'Phường Rạch Dừa', 31),
                                                                 (2698, 'Phường Phước Thắng', 31),
                                                                 (2699, 'Phường Bà Rịa', 31),
                                                                 (2700, 'Phường Long Hương', 31),
                                                                 (2701, 'Phường Phú Mỹ', 31),
                                                                 (2702, 'Phường Tam Long', 31),
                                                                 (2703, 'Phường Tân Thành', 31),
                                                                 (2704, 'Phường Tân Phước', 31),
                                                                 (2705, 'Phường Tân Hải', 31),
                                                                 (2706, 'Xã Châu Pha', 31),
                                                                 (2707, 'Xã Ngãi Giao', 31),
                                                                 (2708, 'Xã Bình Giã', 31),
                                                                 (2709, 'Xã Kim Long', 31),
                                                                 (2710, 'Xã Châu Đức', 31),
                                                                 (2711, 'Xã Xuân Sơn', 31),
                                                                 (2712, 'Xã Nghĩa Thành', 31),
                                                                 (2713, 'Xã Hồ Tràm', 31),
                                                                 (2714, 'Xã Xuyên Mộc', 31),
                                                                 (2715, 'Xã Hòa Hội', 31),
                                                                 (2716, 'Xã Bàu Lâm', 31),
                                                                 (2717, 'Xã Phước Hải', 31),
                                                                 (2718, 'Xã Long Hải', 31),
                                                                 (2719, 'Xã Đất Đỏ', 31),
                                                                 (2720, 'Xã Long Điền', 31),
                                                                 (2721, 'Đặc khu Côn Đảo', 31),
                                                                 (2659, 'Phường Đông Hoà', 31),
                                                                 (2660, 'Phường Dĩ An', 31),
                                                                 (2661, 'Phường Tân Đông Hiệp', 31),
                                                                 (2662, 'Phường Thuận An', 31),
                                                                 (2663, 'Phường Thuận Giao', 31),
                                                                 (2664, 'Phường Bình Hoà', 31),
                                                                 (2665, 'Phường Lái Thiêu', 31),
                                                                 (2666, 'Phường An Phú', 31),
                                                                 (2667, 'Phường Bình Dương', 31),
                                                                 (2668, 'Phường Chánh Hiệp', 31),
                                                                 (2669, 'Phường Thủ Dầu Một', 31),
                                                                 (2670, 'Phường Phú Lợi', 31),
                                                                 (2671, 'Phường Vĩnh Tân', 31),
                                                                 (2672, 'Phường Bình Cơ', 31),
                                                                 (2673, 'Phường Tân Uyên', 31),
                                                                 (2674, 'Phường Tân Hiệp', 31),
                                                                 (2675, 'Phường Tân Khánh', 31),
                                                                 (2676, 'Phường Hoà Lợi', 31),
                                                                 (2677, 'Phường Phú An', 31),
                                                                 (2678, 'Phường Tây Nam', 31),
                                                                 (2679, 'Phường Long Nguyên', 31),
                                                                 (2680, 'Phường Bến Cát', 31),
                                                                 (2681, 'Phường Chánh Phú Hoà', 31),
                                                                 (2682, 'Xã Bắc Tân Uyên', 31),
                                                                 (2683, 'Xã Thường Tân', 31),
                                                                 (2684, 'Xã An Long', 31),
                                                                 (2685, 'Xã Phước Thành', 31),
                                                                 (2686, 'Xã Phước Hoà', 31),
                                                                 (2687, 'Xã Phú Giáo', 31),
                                                                 (2688, 'Xã Trừ Văn Thố', 31),
                                                                 (2689, 'Xã Bàu Bàng', 31),
                                                                 (2690, 'Xã Minh Thạnh', 31),
                                                                 (2691, 'Xã Long Hoà', 31),
                                                                 (2692, 'Xã Dầu Tiếng', 31),
                                                                 (2693, 'Xã Thanh An', 31),
                                                                 (2722, 'Phường Sài Gòn', 31),
                                                                 (2723, 'Phường Tân Định', 31),
                                                                 (2724, 'Phường Bến Thành', 31),
                                                                 (2725, 'Phường Cầu Ông Lãnh', 31),
                                                                 (2726, 'Phường Bàn Cờ', 31),
                                                                 (2727, 'Phường Xuân Hoà', 31),
                                                                 (2728, 'Phường Nhiêu Lộc', 31),
                                                                 (2729, 'Phường Xóm Chiếu', 31),
                                                                 (2730, 'Phường Khánh Hội', 31),
                                                                 (2731, 'Phường Vĩnh Hội', 31),
                                                                 (2732, 'Phường Chợ Quán', 31),
                                                                 (2733, 'Phường An Đông', 31),
                                                                 (2734, 'Phường Chợ Lớn', 31),
                                                                 (2735, 'Phường Bình Tây', 31),
                                                                 (2736, 'Phường Bình Tiên', 31),
                                                                 (2737, 'Phường Bình Phú', 31),
                                                                 (2738, 'Phường Phú Lâm', 31),
                                                                 (2739, 'Phường Tân Thuận', 31),
                                                                 (2740, 'Phường Phú Thuận', 31),
                                                                 (2741, 'Phường Tân Mỹ', 31),
                                                                 (2742, 'Phường Tân Hưng', 31),
                                                                 (2743, 'Phường Chánh Hưng', 31),
                                                                 (2744, 'Phường Phú Định', 31),
                                                                 (2745, 'Phường Bình Đông', 31),
                                                                 (2746, 'Phường Diên Hồng', 31),
                                                                 (2747, 'Phường Vườn Lài', 31),
                                                                 (2748, 'Phường Hoà Hưng', 31),
                                                                 (2749, 'Phường Minh Phụng', 31),
                                                                 (2750, 'Phường Bình Thới', 31),
                                                                 (2751, 'Phường Hoà Bình', 31),
                                                                 (2752, 'Phường Phú Thọ', 31),
                                                                 (2753, 'Phường Đông Hưng Thuận', 31),
                                                                 (2754, 'Phường Trung Mỹ Tây', 31),
                                                                 (2755, 'Phường Tân Thới Hiệp', 31),
                                                                 (2756, 'Phường Thới An', 31),
                                                                 (2757, 'Phường An Phú Đông', 31),
                                                                 (2758, 'Phường An Lạc', 31),
                                                                 (2759, 'Phường Tân Tạo', 31),
                                                                 (2760, 'Phường Bình Tân', 31),
                                                                 (2761, 'Phường Bình Trị Đông', 31),
                                                                 (2762, 'Phường Bình Hưng Hoà', 31),
                                                                 (2763, 'Phường Gia Định', 31),
                                                                 (2764, 'Phường Bình Thạnh', 31),
                                                                 (2765, 'Phường Bình Lợi Trung', 31),
                                                                 (2766, 'Phường Thạnh Mỹ Tây', 31),
                                                                 (2767, 'Phường Bình Quới', 31),
                                                                 (2768, 'Phường Hạnh Thông', 31),
                                                                 (2769, 'Phường An Nhơn', 31),
                                                                 (2770, 'Phường Gò Vấp', 31),
                                                                 (2771, 'Phường An Hội Đông', 31),
                                                                 (2772, 'Phường Thông Tây Hội', 31),
                                                                 (2773, 'Phường An Hội Tây', 31),
                                                                 (2774, 'Phường Đức Nhuận', 31),
                                                                 (2775, 'Phường Cầu Kiệu', 31),
                                                                 (2776, 'Phường Phú Nhuận', 31),
                                                                 (2777, 'Phường Tân Sơn Hoà', 31),
                                                                 (2778, 'Phường Tân Sơn Nhất', 31),
                                                                 (2779, 'Phường Tân Hoà', 31),
                                                                 (2780, 'Phường Bảy Hiền', 31),
                                                                 (2781, 'Phường Tân Bình', 31),
                                                                 (2782, 'Phường Tân Sơn', 31),
                                                                 (2783, 'Phường Tây Thạnh', 31),
                                                                 (2784, 'Phường Tân Sơn Nhì', 31),
                                                                 (2785, 'Phường Phú Thọ Hoà', 31),
                                                                 (2786, 'Phường Tân Phú', 31),
                                                                 (2787, 'Phường Phú Thạnh', 31),
                                                                 (2788, 'Phường Hiệp Bình', 31),
                                                                 (2789, 'Phường Thủ Đức', 31),
                                                                 (2790, 'Phường Tam Bình', 31),
                                                                 (2791, 'Phường Linh Xuân', 31),
                                                                 (2792, 'Phường Tăng Nhơn Phú', 31),
                                                                 (2793, 'Phường Long Bình', 31),
                                                                 (2794, 'Phường Long Phước', 31),
                                                                 (2795, 'Phường Long Trường', 31),
                                                                 (2796, 'Phường Cát Lái', 31),
                                                                 (2797, 'Phường Bình Trưng', 31),
                                                                 (2798, 'Phường Phước Long', 31),
                                                                 (2799, 'Phường An Khánh', 31),
                                                                 (2800, 'Xã Vĩnh Lộc', 31),
                                                                 (2801, 'Xã Tân Vĩnh Lộc', 31),
                                                                 (2802, 'Xã Bình Lợi', 31),
                                                                 (2803, 'Xã Tân Nhựt', 31),
                                                                 (2804, 'Xã Bình Chánh', 31),
                                                                 (2805, 'Xã Hưng Long', 31),
                                                                 (2806, 'Xã Bình Hưng', 31),
                                                                 (2807, 'Xã Bình Khánh', 31),
                                                                 (2808, 'Xã An Thới Đông', 31),
                                                                 (2809, 'Xã Cần Giờ', 31),
                                                                 (2810, 'Xã Củ Chi', 31),
                                                                 (2811, 'Xã Tân An Hội', 31),
                                                                 (2812, 'Xã Thái Mỹ', 31),
                                                                 (2813, 'Xã An Nhơn Tây', 31),
                                                                 (2814, 'Xã Nhuận Đức', 31),
                                                                 (2815, 'Xã Phú Hoà Đông', 31),
                                                                 (2816, 'Xã Bình Mỹ', 31),
                                                                 (2817, 'Xã Đông Thạnh', 31),
                                                                 (2818, 'Xã Hóc Môn', 31),
                                                                 (2819, 'Xã Xuân Thới Sơn', 31),
                                                                 (2820, 'Xã Bà Điểm', 31),
                                                                 (2821, 'Xã Nhà Bè', 31),
                                                                 (2822, 'Xã Hiệp Phước', 31),
                                                                 (2823, 'Xã Long Sơn', 31),
                                                                 (2824, 'Xã Hòa Hiệp', 31),
                                                                 (2825, 'Xã Bình Châu', 31),
                                                                 (2694, 'Phường Thới Hoà', 31),
                                                                 (2826, 'Xã Thạnh An', 31),
                                                                 (2875, 'Phường Trà Vinh', 34),
                                                                 (2916, 'Xã Cái Nhum', 34),
                                                                 (2876, 'Phường Long Đức', 34),
                                                                 (2917, 'Xã Tân Long Hội', 34),
                                                                 (2877, 'Phường Nguyệt Hóa', 34),
                                                                 (2918, 'Xã Nhơn Phú', 34),
                                                                 (2878, 'Phường Hòa Thuận', 34),
                                                                 (2919, 'Xã Bình Phước', 34),
                                                                 (2879, 'Xã Càng Long', 34),
                                                                 (2920, 'Xã An Bình', 34),
                                                                 (2880, 'Xã An Trường', 34),
                                                                 (2921, 'Xã Long Hồ', 34),
                                                                 (2881, 'Xã Tân An', 34),
                                                                 (2922, 'Xã Phú Quới', 34),
                                                                 (2882, 'Xã Nhị Long', 34),
                                                                 (2923, 'Phường Thanh Đức', 34),
                                                                 (2883, 'Xã Bình Phú', 34),
                                                                 (2924, 'Phường Long Châu', 34),
                                                                 (2884, 'Xã Châu Thành', 34),
                                                                 (2925, 'Phường Phước Hậu', 34),
                                                                 (2885, 'Xã Song Lộc', 34),
                                                                 (2926, 'Phường Tân Hạnh', 34),
                                                                 (2886, 'Xã Hưng Mỹ', 34),
                                                                 (2927, 'Phường Tân Ngãi', 34),
                                                                 (2887, 'Xã Hòa Minh', 34),
                                                                 (2928, 'Xã Quới Thiện', 34),
                                                                 (2888, 'Xã Long Hòa', 34),
                                                                 (2929, 'Xã Trung Thành', 34),
                                                                 (2889, 'Xã Cầu Kè', 34),
                                                                 (2930, 'Xã Trung Ngãi', 34),
                                                                 (2890, 'Xã Phong Thạnh', 34),
                                                                 (2931, 'Xã Quới An', 34),
                                                                 (2891, 'Xã An Phú Tân', 34),
                                                                 (2932, 'Xã Trung Hiệp', 34),
                                                                 (2892, 'Xã Tam Ngãi', 34),
                                                                 (2933, 'Xã Hiếu Phụng', 34),
                                                                 (2893, 'Xã Tiểu Cần', 34),
                                                                 (2934, 'Xã Hiếu Thành', 34),
                                                                 (2894, 'Xã Tân Hòa', 34),
                                                                 (2935, 'Xã Lục Sỹ Thành', 34),
                                                                 (2895, 'Xã Hùng Hòa', 34),
                                                                 (2936, 'Xã Trà Ôn', 34),
                                                                 (2896, 'Xã Tập Ngãi', 34),
                                                                 (2937, 'Xã Trà Côn', 34),
                                                                 (2897, 'Xã Cầu Ngang', 34),
                                                                 (2938, 'Xã Vĩnh Xuân', 34),
                                                                 (2898, 'Xã Mỹ Long', 34),
                                                                 (2939, 'Xã Hòa Bình', 34),
                                                                 (2899, 'Xã Vinh Kim', 34),
                                                                 (2940, 'Xã Hòa Hiệp', 34),
                                                                 (2900, 'Xã Nhị Trường', 34),
                                                                 (2941, 'Xã Tam Bình', 34),
                                                                 (2901, 'Xã Hiệp Mỹ', 34),
                                                                 (2942, 'Xã Ngãi Tứ', 34),
                                                                 (2902, 'Xã Trà Cú', 34),
                                                                 (2943, 'Xã Song Phú', 34),
                                                                 (2903, 'Xã Lưu Nghiệp Anh', 34),
                                                                 (2944, 'Xã Cái Ngang', 34),
                                                                 (2904, 'Xã Đại An', 34),
                                                                 (2945, 'Xã Tân Quới', 34),
                                                                 (2905, 'Xã Hàm Giang', 34),
                                                                 (2946, 'Xã Tân Lược', 34),
                                                                 (2906, 'Xã Long Hiệp', 34),
                                                                 (2947, 'Xã Mỹ Thuận', 34),
                                                                 (2907, 'Xã Tập Sơn', 34),
                                                                 (2948, 'Phường Bình Minh', 34),
                                                                 (2908, 'Phường Duyên Hải', 34),
                                                                 (2949, 'Phường Cái Vồn', 34),
                                                                 (2909, 'Phường Trường Long Hòa', 34),
                                                                 (2950, 'Phường Đông Thành', 34),
                                                                 (2910, 'Xã Long Hữu', 34),
                                                                 (2911, 'Xã Long Thành', 34),
                                                                 (2912, 'Xã Đông Hải', 34),
                                                                 (2913, 'Xã Long Vĩnh', 34),
                                                                 (2914, 'Xã Đôn Châu', 34),
                                                                 (2915, 'Xã Ngũ Lạc', 34),
                                                                 (2827, 'Phường An Hội', 34),
                                                                 (2828, 'Phường Phú Khương', 34),
                                                                 (2829, 'Phường Bến Tre', 34),
                                                                 (2830, 'Phường Sơn Đông', 34),
                                                                 (2831, 'Phường Phú Tân', 34),
                                                                 (2832, 'Xã Phú Túc', 34),
                                                                 (2833, 'Xã Giao Long', 34),
                                                                 (2834, 'Xã Tiên Thủy', 34),
                                                                 (2835, 'Xã Tân Phú', 34),
                                                                 (2836, 'Xã Phú Phụng', 34),
                                                                 (2837, 'Xã Chợ Lách', 34),
                                                                 (2838, 'Xã Vĩnh Thành', 34),
                                                                 (2839, 'Xã Hưng Khánh Trung', 34),
                                                                 (2840, 'Xã Phước Mỹ Trung', 34),
                                                                 (2841, 'Xã Tân Thành Bình', 34),
                                                                 (2842, 'Xã Nhuận Phú Tân', 34),
                                                                 (2843, 'Xã Đồng Khởi', 34),
                                                                 (2844, 'Xã Mỏ Cày', 34),
                                                                 (2845, 'Xã Thành Thới', 34),
                                                                 (2846, 'Xã An Định', 34),
                                                                 (2847, 'Xã Hương Mỹ', 34),
                                                                 (2848, 'Xã Đại Điền', 34),
                                                                 (2849, 'Xã Quới Điền', 34),
                                                                 (2850, 'Xã Thạnh Phú', 34),
                                                                 (2851, 'Xã An Qui', 34),
                                                                 (2852, 'Xã Thạnh Hải', 34),
                                                                 (2853, 'Xã Thạnh Phong', 34),
                                                                 (2854, 'Xã Tân Thủy', 34),
                                                                 (2855, 'Xã Bảo Thạnh', 34),
                                                                 (2856, 'Xã Ba Tri', 34),
                                                                 (2857, 'Xã Tân Xuân', 34),
                                                                 (2858, 'Xã Mỹ Chánh Hòa', 34),
                                                                 (2859, 'Xã An Ngãi Trung', 34),
                                                                 (2860, 'Xã An Hiệp', 34),
                                                                 (2861, 'Xã Hưng Nhượng', 34),
                                                                 (2862, 'Xã Giồng Trôm', 34),
                                                                 (2863, 'Xã Tân Hào', 34),
                                                                 (2864, 'Xã Phước Long', 34),
                                                                 (2865, 'Xã Lương Phú', 34),
                                                                 (2866, 'Xã Châu Hòa', 34),
                                                                 (2867, 'Xã Lương Hòa', 34),
                                                                 (2868, 'Xã Thới Thuận', 34),
                                                                 (2869, 'Xã Thạnh Phước', 34),
                                                                 (2870, 'Xã Bình Đại', 34),
                                                                 (2871, 'Xã Thạnh Trị', 34),
                                                                 (2872, 'Xã Lộc Thuận', 34),
                                                                 (2873, 'Xã Châu Hưng', 34),
                                                                 (2874, 'Xã Phú Thuận', 34),
                                                                 (2996, 'Phường Mỹ Tho', 8),
                                                                 (2997, 'Phường Đạo Thạnh', 8),
                                                                 (2998, 'Phường Mỹ Phong', 8),
                                                                 (2999, 'Phường Thới Sơn', 8),
                                                                 (3000, 'Phường Trung An', 8),
                                                                 (3001, 'Phường Gò Công', 8),
                                                                 (3002, 'Phường Long Thuận', 8),
                                                                 (3003, 'Phường Sơn Qui', 8),
                                                                 (3004, 'Phường Bình Xuân', 8),
                                                                 (3005, 'Phường Mỹ Phước Tây', 8),
                                                                 (3006, 'Phường Thanh Hoà', 8),
                                                                 (3007, 'Phường Cai Lậy', 8),
                                                                 (3008, 'Phường Nhị Quý', 8),
                                                                 (3009, 'Xã Tân Phú', 8),
                                                                 (3010, 'Xã Thanh Hưng', 8),
                                                                 (3011, 'Xã An Hữu', 8),
                                                                 (3012, 'Xã Mỹ Lợi', 8),
                                                                 (3013, 'Xã Mỹ Đức Tây', 8),
                                                                 (3014, 'Xã Mỹ Thiện', 8),
                                                                 (3015, 'Xã Hậu Mỹ', 8),
                                                                 (3016, 'Xã Hội Cư', 8),
                                                                 (3017, 'Xã Cái Bè', 8),
                                                                 (3018, 'Xã Bình Phú', 8),
                                                                 (3019, 'Xã Hiệp Đức', 8),
                                                                 (3020, 'Xã Ngũ Hiệp', 8),
                                                                 (3021, 'Xã Long Tiên', 8),
                                                                 (3022, 'Xã Mỹ Thành', 8),
                                                                 (3023, 'Xã Thạnh Phú', 8),
                                                                 (3024, 'Xã Tân Phước 1', 8),
                                                                 (3025, 'Xã Tân Phước 2', 8),
                                                                 (3026, 'Xã Tân Phước 3', 8),
                                                                 (3027, 'Xã Hưng Thạnh', 8),
                                                                 (3028, 'Xã Tân Hương', 8),
                                                                 (3029, 'Xã Châu Thành', 8),
                                                                 (3030, 'Xã Long Hưng', 8),
                                                                 (3031, 'Xã Long Định', 8),
                                                                 (3032, 'Xã Vĩnh Kim', 8),
                                                                 (3033, 'Xã Kim Sơn', 8),
                                                                 (3034, 'Xã Bình Trưng', 8),
                                                                 (3035, 'Xã Mỹ Tịnh An', 8),
                                                                 (3036, 'Xã Lương Hoà Lạc', 8),
                                                                 (3037, 'Xã Tân Thuận Bình', 8),
                                                                 (3038, 'Xã Chợ Gạo', 8),
                                                                 (3039, 'Xã An Thạnh Thủy', 8),
                                                                 (3040, 'Xã Bình Ninh', 8),
                                                                 (3041, 'Xã Vĩnh Bình', 8),
                                                                 (3042, 'Xã Đồng Sơn', 8),
                                                                 (3043, 'Xã Phú Thành', 8),
                                                                 (3044, 'Xã Long Bình', 8),
                                                                 (3045, 'Xã Vĩnh Hựu', 8),
                                                                 (3046, 'Xã Gò Công Đông', 8),
                                                                 (3047, 'Xã Tân Điền', 8),
                                                                 (3048, 'Xã Tân Hoà', 8),
                                                                 (3049, 'Xã Tân Đông', 8),
                                                                 (3050, 'Xã Gia Thuận', 8),
                                                                 (3051, 'Xã Tân Thới', 8),
                                                                 (3052, 'Xã Tân Phú Đông', 8),
                                                                 (2951, 'Xã Tân Hồng', 8),
                                                                 (2952, 'Xã Tân Thành', 8),
                                                                 (2953, 'Xã Tân Hộ Cơ', 8),
                                                                 (2954, 'Xã An Phước', 8),
                                                                 (2955, 'Phường An Bình', 8),
                                                                 (2956, 'Phường Hồng Ngự', 8),
                                                                 (2957, 'Phường Thường Lạc', 8),
                                                                 (2958, 'Xã Thường Phước', 8),
                                                                 (2959, 'Xã Long Khánh', 8),
                                                                 (2960, 'Xã Long Phú Thuận', 8),
                                                                 (2961, 'Xã An Hoà', 8),
                                                                 (2962, 'Xã Tam Nông', 8),
                                                                 (2963, 'Xã Phú Thọ', 8),
                                                                 (2964, 'Xã Tràm Chim', 8),
                                                                 (2965, 'Xã Phú Cường', 8),
                                                                 (2966, 'Xã An Long', 8),
                                                                 (2967, 'Xã Thanh Bình', 8),
                                                                 (2968, 'Xã Tân Thạnh', 8),
                                                                 (2969, 'Xã Bình Thành', 8),
                                                                 (2970, 'Xã Tân Long', 8),
                                                                 (2971, 'Xã Tháp Mười', 8),
                                                                 (2972, 'Xã Thanh Mỹ', 8),
                                                                 (2973, 'Xã Mỹ Quí', 8),
                                                                 (2974, 'Xã Đốc Binh Kiều', 8),
                                                                 (2975, 'Xã Trường Xuân', 8),
                                                                 (2976, 'Xã Phương Thịnh', 8),
                                                                 (2977, 'Xã Phong Mỹ', 8),
                                                                 (2978, 'Xã Ba Sao', 8),
                                                                 (2979, 'Xã Mỹ Thọ', 8),
                                                                 (2980, 'Xã Bình Hàng Trung', 8),
                                                                 (2981, 'Xã Mỹ Hiệp', 8),
                                                                 (2982, 'Phường Cao Lãnh', 8),
                                                                 (2983, 'Phường Mỹ Ngãi', 8),
                                                                 (2984, 'Phường Mỹ Trà', 8),
                                                                 (2985, 'Xã Mỹ An Hưng', 8),
                                                                 (2986, 'Xã Tân Khánh Trung', 8),
                                                                 (2987, 'Xã Lấp Vò', 8),
                                                                 (2988, 'Xã Lai Vung', 8),
                                                                 (2989, 'Xã Hoà Long', 8),
                                                                 (2990, 'Xã Phong Hoà', 8),
                                                                 (2991, 'Phường Sa Đéc', 8),
                                                                 (2992, 'Xã Tân Dương', 8),
                                                                 (2993, 'Xã Phú Hựu', 8),
                                                                 (2994, 'Xã Tân Nhuận Đông', 8),
                                                                 (2995, 'Xã Tân Phú Trung', 8),
                                                                 (3053, 'Xã Mỹ Hoà Hưng', 1),
                                                                 (3054, 'Phường Long Xuyên', 1),
                                                                 (3055, 'Phường Bình Đức', 1),
                                                                 (3056, 'Phường Mỹ Thới', 1),
                                                                 (3057, 'Phường Châu Đốc', 1),
                                                                 (3058, 'Phường Vĩnh Tế', 1),
                                                                 (3059, 'Xã An Phú', 1),
                                                                 (3060, 'Xã Vĩnh Hậu', 1),
                                                                 (3061, 'Xã Nhơn Hội', 1),
                                                                 (3062, 'Xã Khánh Bình', 1),
                                                                 (3063, 'Xã Phú Hữu', 1),
                                                                 (3064, 'Xã Tân An', 1),
                                                                 (3065, 'Xã Châu Phong', 1),
                                                                 (3066, 'Xã Vĩnh Xương', 1),
                                                                 (3067, 'Phường Tân Châu', 1),
                                                                 (3068, 'Phường Long Phú', 1),
                                                                 (3069, 'Xã Phú Tân', 1),
                                                                 (3070, 'Xã Phú An', 1),
                                                                 (3071, 'Xã Bình Thạnh Đông', 1),
                                                                 (3072, 'Xã Chợ Vàm', 1),
                                                                 (3073, 'Xã Hoà Lạc', 1),
                                                                 (3074, 'Xã Phú Lâm', 1),
                                                                 (3075, 'Xã Châu Phú', 1),
                                                                 (3076, 'Xã Mỹ Đức', 1),
                                                                 (3077, 'Xã Vĩnh Thạnh Trung', 1),
                                                                 (3078, 'Xã Bình Mỹ', 1),
                                                                 (3079, 'Xã Thạnh Mỹ Tây', 1),
                                                                 (3080, 'Xã An Cư', 1),
                                                                 (3081, 'Xã Núi Cấm', 1),
                                                                 (3082, 'Phường Tịnh Biên', 1),
                                                                 (3083, 'Phường Thới Sơn', 1),
                                                                 (3084, 'Phường Chi Lăng', 1),
                                                                 (3085, 'Xã Ba Chúc', 1),
                                                                 (3086, 'Xã Tri Tôn', 1),
                                                                 (3087, 'Xã Ô Lâm', 1),
                                                                 (3088, 'Xã Cô Tô', 1),
                                                                 (3089, 'Xã Vĩnh Gia', 1),
                                                                 (3090, 'Xã An Châu', 1),
                                                                 (3091, 'Xã Bình Hoà', 1),
                                                                 (3092, 'Xã Cần Đăng', 1),
                                                                 (3093, 'Xã Vĩnh Hanh', 1),
                                                                 (3094, 'Xã Vĩnh An', 1),
                                                                 (3095, 'Xã Chợ Mới', 1),
                                                                 (3096, 'Xã Cù Lao Giêng', 1),
                                                                 (3097, 'Xã Hội An', 1),
                                                                 (3098, 'Xã Long Điền', 1),
                                                                 (3099, 'Xã Nhơn Mỹ', 1),
                                                                 (3100, 'Xã Long Kiến', 1),
                                                                 (3101, 'Xã Thoại Sơn', 1),
                                                                 (3102, 'Xã Óc Eo', 1),
                                                                 (3103, 'Xã Định Mỹ', 1),
                                                                 (3104, 'Xã Phú Hoà', 1),
                                                                 (3105, 'Xã Vĩnh Trạch', 1),
                                                                 (3106, 'Xã Tây Phú', 1),
                                                                 (3107, 'Xã Vĩnh Bình', 1),
                                                                 (3108, 'Xã Vĩnh Thuận', 1),
                                                                 (3109, 'Xã Vĩnh Phong', 1),
                                                                 (3110, 'Xã Vĩnh Hoà', 1),
                                                                 (3111, 'Xã U Minh Thượng', 1),
                                                                 (3112, 'Xã Đông Hoà', 1),
                                                                 (3113, 'Xã Tân Thạnh', 1),
                                                                 (3114, 'Xã Đông Hưng', 1),
                                                                 (3115, 'Xã An Minh', 1),
                                                                 (3116, 'Xã Vân Khánh', 1),
                                                                 (3117, 'Xã Tây Yên', 1),
                                                                 (3118, 'Xã Đông Thái', 1),
                                                                 (3119, 'Xã An Biên', 1),
                                                                 (3120, 'Xã Định Hoà', 1),
                                                                 (3121, 'Xã Gò Quao', 1),
                                                                 (3122, 'Xã Vĩnh Hoà Hưng', 1),
                                                                 (3123, 'Xã Vĩnh Tuy', 1),
                                                                 (3124, 'Xã Giồng Riềng', 1),
                                                                 (3125, 'Xã Thạnh Hưng', 1),
                                                                 (3126, 'Xã Long Thạnh', 1),
                                                                 (3127, 'Xã Hoà Hưng', 1),
                                                                 (3128, 'Xã Ngọc Chúc', 1),
                                                                 (3129, 'Xã Hoà Thuận', 1),
                                                                 (3130, 'Xã Tân Hội', 1),
                                                                 (3131, 'Xã Tân Hiệp', 1),
                                                                 (3132, 'Xã Thạnh Đông', 1),
                                                                 (3133, 'Xã Thạnh Lộc', 1),
                                                                 (3134, 'Xã Châu Thành', 1),
                                                                 (3135, 'Xã Bình An', 1),
                                                                 (3136, 'Xã Hòn Đất', 1),
                                                                 (3137, 'Xã Sơn Kiên', 1),
                                                                 (3138, 'Xã Mỹ Thuận', 1),
                                                                 (3139, 'Xã Bình Sơn', 1),
                                                                 (3140, 'Xã Bình Giang', 1),
                                                                 (3141, 'Xã Giang Thành', 1),
                                                                 (3142, 'Xã Vĩnh Điều', 1),
                                                                 (3143, 'Xã Hoà Điền', 1),
                                                                 (3144, 'Xã Kiên Lương', 1),
                                                                 (3145, 'Xã Sơn Hải', 1),
                                                                 (3146, 'Xã Hòn Nghệ', 1),
                                                                 (3147, 'Đặc khu Kiên Hải', 1),
                                                                 (3148, 'Phường Vĩnh Thông', 1),
                                                                 (3149, 'Phường Rạch Giá', 1),
                                                                 (3150, 'Phường Hà Tiên', 1),
                                                                 (3151, 'Phường Tô Châu', 1),
                                                                 (3152, 'Xã Tiên Hải', 1),
                                                                 (3153, 'Đặc khu Phú Quốc', 1),
                                                                 (3154, 'Đặc khu Thổ Châu', 1),
                                                                 (3183, 'Phường Ninh Kiều', 27),
                                                                 (3184, 'Phường Cái Khế', 27),
                                                                 (3185, 'Phường Tân An', 27),
                                                                 (3186, 'Phường An Bình', 27),
                                                                 (3187, 'Phường Thới An Đông', 27),
                                                                 (3188, 'Phường Bình Thủy', 27),
                                                                 (3189, 'Phường Long Tuyền', 27),
                                                                 (3190, 'Phường Cái Răng', 27),
                                                                 (3191, 'Phường Hưng Phú', 27),
                                                                 (3192, 'Phường Ô Môn', 27),
                                                                 (3193, 'Phường Thới Long', 27),
                                                                 (3194, 'Phường Phước Thới', 27),
                                                                 (3195, 'Phường Trung Nhứt', 27),
                                                                 (3196, 'Phường Thốt Nốt', 27),
                                                                 (3197, 'Phường Thuận Hưng', 27),
                                                                 (3198, 'Phường Tân Lộc', 27),
                                                                 (3199, 'Xã Phong Điền', 27),
                                                                 (3200, 'Xã Nhơn Ái', 27),
                                                                 (3201, 'Xã Trường Long', 27),
                                                                 (3202, 'Xã Thới Lai', 27),
                                                                 (3203, 'Xã Đông Thuận', 27),
                                                                 (3204, 'Xã Trường Xuân', 27),
                                                                 (3205, 'Xã Trường Thành', 27),
                                                                 (3206, 'Xã Cờ Đỏ', 27),
                                                                 (3207, 'Xã Đông Hiệp', 27),
                                                                 (3208, 'Xã Thạnh Phú', 27),
                                                                 (3209, 'Xã Thới Hưng', 27),
                                                                 (3210, 'Xã Trung Hưng', 27),
                                                                 (3211, 'Xã Vĩnh Thạnh', 27),
                                                                 (3212, 'Xã Vĩnh Trinh', 27),
                                                                 (3213, 'Xã Thạnh An', 27),
                                                                 (3214, 'Xã Thạnh Quới', 27),
                                                                 (3155, 'Xã Hỏa Lựu', 27),
                                                                 (3156, 'Phường Vị Thanh', 27),
                                                                 (3157, 'Phường Vị Tân', 27),
                                                                 (3158, 'Xã Vị Thủy', 27),
                                                                 (3159, 'Xã Vĩnh Thuận Đông', 27),
                                                                 (3160, 'Xã Vị Thanh 1', 27),
                                                                 (3161, 'Xã Vĩnh Tường', 27),
                                                                 (3162, 'Xã Vĩnh Viễn', 27),
                                                                 (3163, 'Xã Xà Phiên', 27),
                                                                 (3164, 'Xã Lương Tâm', 27),
                                                                 (3165, 'Phường Long Bình', 27),
                                                                 (3166, 'Phường Long Mỹ', 27),
                                                                 (3167, 'Phường Long Phú 1', 27),
                                                                 (3168, 'Xã Thạnh Xuân', 27),
                                                                 (3169, 'Xã Tân Hoà', 27),
                                                                 (3170, 'Xã Trường Long Tây', 27),
                                                                 (3171, 'Xã Châu Thành', 27),
                                                                 (3172, 'Xã Đông Phước', 27),
                                                                 (3173, 'Xã Phú Hữu', 27),
                                                                 (3174, 'Phường Đại Thành', 27),
                                                                 (3175, 'Phường Ngã Bảy', 27),
                                                                 (3176, 'Xã Tân Bình', 27),
                                                                 (3177, 'Xã Hoà An', 27),
                                                                 (3178, 'Xã Phương Bình', 27),
                                                                 (3179, 'Xã Tân Phước Hưng', 27),
                                                                 (3180, 'Xã Hiệp Hưng', 27),
                                                                 (3181, 'Xã Phụng Hiệp', 27),
                                                                 (3182, 'Xã Thạnh Hoà', 27),
                                                                 (3215, 'Phường Phú Lợi', 27),
                                                                 (3216, 'Phường Sóc Trăng', 27),
                                                                 (3217, 'Phường Mỹ Xuyên', 27),
                                                                 (3218, 'Xã Hoà Tú', 27),
                                                                 (3219, 'Xã Gia Hoà', 27),
                                                                 (3220, 'Xã Nhu Gia', 27),
                                                                 (3221, 'Xã Ngọc Tố', 27),
                                                                 (3222, 'Xã Trường Khánh', 27),
                                                                 (3223, 'Xã Đại Ngãi', 27),
                                                                 (3224, 'Xã Tân Thạnh', 27),
                                                                 (3225, 'Xã Long Phú', 27),
                                                                 (3226, 'Xã Nhơn Mỹ', 27),
                                                                 (3227, 'Xã Phong Nẫm', 27),
                                                                 (3228, 'Xã An Lạc Thôn', 27),
                                                                 (3229, 'Xã Kế Sách', 27),
                                                                 (3230, 'Xã Thới An Hội', 27),
                                                                 (3231, 'Xã Đại Hải', 27),
                                                                 (3232, 'Xã Phú Tâm', 27),
                                                                 (3233, 'Xã An Ninh', 27),
                                                                 (3234, 'Xã Thuận Hoà', 27),
                                                                 (3235, 'Xã Hồ Đắc Kiện', 27),
                                                                 (3236, 'Xã Mỹ Tú', 27),
                                                                 (3237, 'Xã Long Hưng', 27),
                                                                 (3238, 'Xã Mỹ Phước', 27),
                                                                 (3239, 'Xã Mỹ Hương', 27),
                                                                 (3240, 'Xã Vĩnh Hải', 27),
                                                                 (3241, 'Xã Lai Hoà', 27),
                                                                 (3242, 'Phường Vĩnh Phước', 27),
                                                                 (3243, 'Phường Vĩnh Châu', 27),
                                                                 (3244, 'Phường Khánh Hoà', 27),
                                                                 (3245, 'Xã Tân Long', 27),
                                                                 (3246, 'Phường Ngã Năm', 27),
                                                                 (3247, 'Phường Mỹ Quới', 27),
                                                                 (3248, 'Xã Phú Lộc', 27),
                                                                 (3249, 'Xã Vĩnh Lợi', 27),
                                                                 (3250, 'Xã Lâm Tân', 27),
                                                                 (3251, 'Xã Thạnh Thới An', 27),
                                                                 (3252, 'Xã Tài Văn', 27),
                                                                 (3253, 'Xã Liêu Tú', 27),
                                                                 (3254, 'Xã Lịch Hội Thượng', 27),
                                                                 (3255, 'Xã Trần Đề', 27),
                                                                 (3256, 'Xã An Thạnh', 27),
                                                                 (3257, 'Xã Cù Lao Dung', 27),
                                                                 (3283, 'Phường An Xuyên', 3),
                                                                 (3284, 'Phường Lý Văn Lâm', 3),
                                                                 (3285, 'Phường Tân Thành', 3),
                                                                 (3286, 'Phường Hòa Thành', 3),
                                                                 (3287, 'Xã Tân Thuận', 3),
                                                                 (3288, 'Xã Tân Tiến', 3),
                                                                 (3289, 'Xã Tạ An Khương', 3),
                                                                 (3290, 'Xã Trần Phán', 3),
                                                                 (3291, 'Xã Thanh Tùng', 3),
                                                                 (3292, 'Xã Đầm Dơi', 3),
                                                                 (3293, 'Xã Quách Phẩm', 3),
                                                                 (3294, 'Xã U Minh', 3),
                                                                 (3295, 'Xã Nguyễn Phích', 3),
                                                                 (3296, 'Xã Khánh Lâm', 3),
                                                                 (3297, 'Xã Khánh An', 3),
                                                                 (3298, 'Xã Phan Ngọc Hiển', 3),
                                                                 (3299, 'Xã Đất Mũi', 3),
                                                                 (3300, 'Xã Tân Ân', 3),
                                                                 (3301, 'Xã Khánh Bình', 3),
                                                                 (3302, 'Xã Đá Bạc', 3),
                                                                 (3303, 'Xã Khánh Hưng', 3),
                                                                 (3304, 'Xã Sông Đốc', 3),
                                                                 (3305, 'Xã Trần Văn Thời', 3),
                                                                 (3306, 'Xã Thới Bình', 3),
                                                                 (3307, 'Xã Trí Phải', 3),
                                                                 (3308, 'Xã Tân Lộc', 3),
                                                                 (3309, 'Xã Hồ Thị Kỷ', 3),
                                                                 (3310, 'Xã Biển Bạch', 3),
                                                                 (3311, 'Xã Đất Mới', 3),
                                                                 (3312, 'Xã Năm Căn', 3),
                                                                 (3313, 'Xã Tam Giang', 3),
                                                                 (3314, 'Xã Cái Đôi Vàm', 3),
                                                                 (3315, 'Xã Nguyễn Việt Khái', 3),
                                                                 (3316, 'Xã Phú Tân', 3),
                                                                 (3317, 'Xã Phú Mỹ', 3),
                                                                 (3318, 'Xã Lương Thế Trân', 3),
                                                                 (3319, 'Xã Tân Hưng', 3),
                                                                 (3320, 'Xã Hưng Mỹ', 3),
                                                                 (3321, 'Xã Cái Nước', 3),
                                                                 (3258, 'Phường Bạc Liêu', 3),
                                                                 (3259, 'Phường Vĩnh Trạch', 3),
                                                                 (3260, 'Phường Hiệp Thành', 3),
                                                                 (3261, 'Phường Giá Rai', 3),
                                                                 (3262, 'Phường Láng Tròn', 3),
                                                                 (3263, 'Xã Phong Thạnh', 3),
                                                                 (3264, 'Xã Hồng Dân', 3),
                                                                 (3265, 'Xã Vĩnh Lộc', 3),
                                                                 (3266, 'Xã Ninh Thạnh Lợi', 3),
                                                                 (3267, 'Xã Ninh Quới', 3),
                                                                 (3268, 'Xã Gành Hào', 3),
                                                                 (3269, 'Xã Định Thành', 3),
                                                                 (3270, 'Xã An Trạch', 3),
                                                                 (3271, 'Xã Long Điền', 3),
                                                                 (3272, 'Xã Đông Hải', 3),
                                                                 (3273, 'Xã Hoà Bình', 3),
                                                                 (3274, 'Xã Vĩnh Mỹ', 3),
                                                                 (3275, 'Xã Vĩnh Hậu', 3),
                                                                 (3276, 'Xã Phước Long', 3),
                                                                 (3277, 'Xã Vĩnh Phước', 3),
                                                                 (3278, 'Xã Phong Hiệp', 3),
                                                                 (3279, 'Xã Vĩnh Thanh', 3),
                                                                 (3280, 'Xã Vĩnh Lợi', 3),
                                                                 (3281, 'Xã Hưng Hội', 3),
                                                                 (3282, 'Xã Châu Thới', 3);
    -- End of transaction test data.
