
-- 01 TYPE
INSERT INTO Type (TypeID, TypeName, TypeImage) VALUES
(101, 'Laptop', 'laptop.png'),
(205, 'Desktop PC', 'desktop_pc.png'),
(312, 'Máy in', 'printer.png'),
(478, 'Router Wifi', 'router.png'),
(529, 'Ổ cứng SSD', 'ssd.png'),
(634, 'Card đồ họa', 'gpu.png'),
(742, 'Màn hình máy tính', 'monitor.png'),
(856, 'Thiết bị văn phòng', 'office_device.png'),
(923, 'Phụ kiện máy tính', 'accessories.png'),
(1007, 'Thiết bị mạng', 'network.png');

-- 02 Province and Village
INSERT INTO Province (ProvinceID, ProvinceName) VALUES
(1101, 'Hà Nội'),
(2920, 'Hồ Chí Minh'),
(4203, 'Đà Nẵng'),
(5302, 'Hải Phòng'),
(6120, 'Cần Thơ'),
(7011, 'Nghệ An'),
(7822, 'Bình Dương'),
(8110, 'Đồng Nai'),
(9023, 'Khánh Hòa'),
(10012, 'Bắc Ninh');

INSERT INTO Village (VillageID, VillageName, ProvinceID) VALUES
(2001, 'Phường 1 - Hà Nội', 1101),
(2002, 'Phường 2 - Hà Nội', 1101),
(2003, 'Phường 3 - Hà Nội', 1101),
(2004, 'Phường 1 - Hồ Chí Minh', 2920),
(2005, 'Phường 2 - Hồ Chí Minh', 2920),
(2006, 'Phường 3 - Hồ Chí Minh', 2920),
(2007, 'Phường 1 - Đà Nẵng', 4203),
(2008, 'Phường 2 - Đà Nẵng', 4203),
(2009, 'Phường 3 - Đà Nẵng', 4203),
(2010, 'Phường 1 - Hải Phòng', 5302),
(2011, 'Phường 2 - Hải Phòng', 5302),
(2012, 'Phường 3 - Hải Phòng', 5302),
(2013, 'Phường 1 - Cần Thơ', 6120),
(2014, 'Phường 2 - Cần Thơ', 6120),
(2015, 'Phường 3 - Cần Thơ', 6120),
(2016, 'Phường 1 - Nghệ An', 7011),
(2017, 'Phường 2 - Nghệ An', 7011),
(2018, 'Phường 3 - Nghệ An', 7011),
(2019, 'Phường 1 - Bình Dương', 7822),
(2020, 'Phường 2 - Bình Dương', 7822),
(2021, 'Phường 3 - Bình Dương', 7822),
(2022, 'Phường 1 - Đồng Nai', 8110),
(2023, 'Phường 2 - Đồng Nai', 8110),
(2024, 'Phường 3 - Đồng Nai', 8110),
(2025, 'Phường 1 - Khánh Hòa', 9023),
(2026, 'Phường 2 - Khánh Hòa', 9023),
(2027, 'Phường 3 - Khánh Hòa', 9023),
(2028, 'Phường 1 - Bắc Ninh', 10012),
(2029, 'Phường 2 - Bắc Ninh', 10012),
(2030, 'Phường 3 - Bắc Ninh', 10012);

-- 04 ACCOUNT
INSERT INTO Account (Username, PasswordHash, AccountStatus, RoleID) VALUES
('admin', '$2y$10$3e9f7b0d3c1a2b4f5e6d7c8b9a0b1c2d3e4f5a6b7c8d9e0f1a2', 'Active', 1),
('support01', '$2y$10$3e9f7b0d3c1a2b4f5e6d7c8b9a0b1c2d3e4f5a6b7c8d9e0f1a2', 'Active', 3),
('support02', '$2y$10$3e9f7b0d3c1a2b4f5e6d7c8b9a0b1c2d3e4f5a6b7c8d9e0f1a2', 'Active', 3),
('support03', '$2y$10$3e9f7b0d3c1a2b4f5e6d7c8b9a0b1c2d3e4f5a6b7c8d9e0f1a2', 'Active', 3),
('kho01', '$2y$10$3e9f7b0d3c1a2b4f5e6d7c8b9a0b1c2d3e4f5a6b7c8d9e0f1a2', 'Active', 4),
('kho02', '$2y$10$3e9f7b0d3c1a2b4f5e6d7c8b9a0b1c2d3e4f5a6b7c8d9e0f1a2', 'Active', 4),
('kho03', '$2y$10$3e9f7b0d3c1a2b4f5e6d7c8b9a0b1c2d3e4f5a6b7c8d9e0f1a2', 'Active', 4),
('lead.tech01', '$2y$10$3e9f7b0d3c1a2b4f5e6d7c8b9a0b1c2d3e4f5a6b7c8d9e0f1a2', 'Active', 6),
('lead.tech02', '$2y$10$3e9f7b0d3c1a2b4f5e6d7c8b9a0b1c2d3e4f5a6b7c8d9e0f1a2', 'Active', 6),
('tech01', '$2y$10$3e9f7b0d3c1a2b4f5e6d7c8b9a0b1c2d3e4f5a6b7c8d9e0f1a2', 'Active', 5),
('tech02', '$2y$10$3e9f7b0d3c1a2b4f5e6d7c8b9a0b1c2d3e4f5a6b7c8d9e0f1a2', 'Active', 5),
('tech03', '$2y$10$3e9f7b0d3c1a2b4f5e6d7c8b9a0b1c2d3e4f5a6b7c8d9e0f1a2', 'Active', 5),
('tech04', '$2y$10$3e9f7b0d3c1a2b4f5e6d7c8b9a0b1c2d3e4f5a6b7c8d9e0f1a2', 'Active', 5),
('tech05', '$2y$10$3e9f7b0d3c1a2b4f5e6d7c8b9a0b1c2d3e4f5a6b7c8d9e0f1a2', 'Active', 5),
('tech06', '$2y$10$3e9f7b0d3c1a2b4f5e6d7c8b9a0b1c2d3e4f5a6b7c8d9e0f1a2', 'Active', 5),
('nguyen.van.an', '$2y$10$3e9f7b0d3c1a2b4f5e6d7c8b9a0b1c2d3e4f5a6b7c8d9e0f1a2', 'Active', 2),
('tran.thi.bich', '$2y$10$3e9f7b0d3c1a2b4f5e6d7c8b9a0b1c2d3e4f5a6b7c8d9e0f1a2', 'Active', 2),
('le.hoang.minh', '$2y$10$3e9f7b0d3c1a2b4f5e6d7c8b9a0b1c2d3e4f5a6b7c8d9e0f1a2', 'Active', 2),
('pham.thi.ha', '$2y$10$3e9f7b0d3c1a2b4f5e6d7c8b9a0b1c2d3e4f5a6b7c8d9e0f1a2', 'Active', 2),
('hoang.van.hung', '$2y$10$3e9f7b0d3c1a2b4f5e6d7c8b9a0b1c2d3e4f5a6b7c8d9e0f1a2', 'Active', 2),
('ngo.thi.mai', '$2y$10$3e9f7b0d3c1a2b4f5e6d7c8b9a0b1c2d3e4f5a6b7c8d9e0f1a2', 'Active', 2),
('doan.hoang.vu', '$2y$10$3e9f7b0d3c1a2b4f5e6d7c8b9a0b1c2d3e4f5a6b7c8d9e0f1a2', 'Active', 2),
('dang.thi.ngoc', '$2y$10$3e9f7b0d3c1a2b4f5e6d7c8b9a0b1c2d3e4f5a6b7c8d9e0f1a2', 'Active', 2),
('vu.thi.hanh', '$2y$10$3e9f7b0d3c1a2b4f5e6d7c8b9a0b1c2d3e4f5a6b7c8d9e0f1a2', 'Active', 2),
('bui.van.hieu', '$2y$10$3e9f7b0d3c1a2b4f5e6d7c8b9a0b1c2d3e4f5a6b7c8d9e0f1a2', 'Active', 2),
('pham.van.tuan', '$2y$10$3e9f7b0d3c1a2b4f5e6d7c8b9a0b1c2d3e4f5a6b7c8d9e0f1a2', 'Active', 2),
('tran.van.dung', '$2y$10$3e9f7b0d3c1a2b4f5e6d7c8b9a0b1c2d3e4f5a6b7c8d9e0f1a2', 'Deactive', 2),
('nguyen.thi.lan', '$2y$10$3e9f7b0d3c1a2b4f5e6d7c8b9a0b1c2d3e4f5a6b7c8d9e0f1a2', 'Active', 2),
('le.thi.hien', '$2y$10$3e9f7b0d3c1a2b4f5e6d7c8b9a0b1c2d3e4f5a6b7c8d9e0f1a2', 'Active', 2),
('tran.quoc.viet', '$2y$10$3e9f7b0d3c1a2b4f5e6d7c8b9a0b1c2d3e4f5a6b7c8d9e0f1a2', 'Active', 2);

-- 05 STAFF
INSERT INTO Staff (StaffID, StaffName, Phone, Address, Email, Image, DateOfBirth, Username) VALUES
(5001, 'Nguyễn Văn An', '0901234001', '12 Phố Hà Nội', 'nguyenvanan@company.local', 'staff_1.png', '1980-06-14', 'nguyen.van.an'),
(5002, 'Trần Thị Bích', '0901234002', '45 Phố Hà Nội', 'tranthibich@company.local', 'staff_2.png', '1981-03-22', 'tran.thi.bich'),
(5003, 'Lê Hoàng Minh', '0901234003', '78 Phố Hồ Chí Minh', 'lehoangminh@company.local', 'staff_3.png', '1982-11-07', 'le.hoang.minh'),
(5004, 'Phạm Thị Hà', '0901234004', '23 Phố Đà Nẵng', 'phamthiha@company.local', 'staff_4.png', '1983-09-12', 'pham.thi.ha'),
(5005, 'Hoàng Văn Hùng', '0901234005', '67 Phố Hải Phòng', 'hoangvanhung@company.local', 'staff_5.png', '1984-04-25', 'hoang.van.hung'),
(5006, 'Ngô Thị Mai', '0901234006', '11 Phố Cần Thơ', 'ngothimai@company.local', 'staff_6.png', '1985-02-14', 'ngo.thi.mai'),
(5007, 'Đoàn Hoàng Vũ', '0901234007', '90 Phố Bình Dương', 'doanhoangvu@company.local', 'staff_7.png', '1986-08-03', 'doan.hoang.vu'),
(5008, 'Đặng Thị Ngọc', '0901234008', '32 Phố Đồng Nai', 'dangthingoc@company.local', 'staff_8.png', '1987-07-19', 'dang.thi.ngoc'),
(5009, 'Vũ Thị Hạnh', '0901234009', '44 Phố Khánh Hòa', 'vuthihanh@company.local', 'staff_9.png', '1988-12-30', 'vu.thi.hanh'),
(5010, 'Bùi Văn Hiếu', '0901234010', '88 Phố Bắc Ninh', 'buivanhieu@company.local', 'staff_10.png', '1989-05-05', 'bui.van.hieu'),
(5011, 'Phạm Văn Tuấn', '0901234011', '150 Phố Hà Nội', 'phamvantuan@company.local', 'staff_11.png', '1979-10-10', 'pham.van.tuan'),
(5012, 'Trần Văn Dũng', '0901234012', '200 Phố Hồ Chí Minh', 'tranvandung@company.local', 'staff_12.png', '1978-01-18', 'tran.van.dung');

-- 06 CUSTOMER
INSERT INTO Customer (CustomerID, CustomerName, Address, Phone, Email, Username) VALUES
(9001, 'Nguyễn Văn An', '12 Đường Thắng Lợi, Hà Nội', '0912345678', 'an1@example.com', 'nguyen.van.an'),
(9002, 'Trần Thị Bích', '34 Đường Thắng Lợi, Hà Nội', '0912345679', 'bich2@example.com', 'tran.thi.bich'),
(9003, 'Lê Hoàng Minh', '56 Đường Thắng Lợi, Hồ Chí Minh', '0912345680', 'minh3@example.com', 'le.hoang.minh'),
(9004, 'Phạm Thị Hà', '78 Đường Thắng Lợi, Đà Nẵng', '0912345681', 'ha4@example.com', 'pham.thi.ha'),
(9005, 'Hoàng Văn Hùng', '90 Đường Thắng Lợi, Hải Phòng', '0912345682', 'hung5@example.com', 'hoang.van.hung'),
(9006, 'Ngô Thị Mai', '12 Đường Thắng Lợi, Cần Thơ', '0912345683', 'mai6@example.com', 'ngo.thi.mai'),
(9007, 'Đoàn Hoàng Vũ', '34 Đường Thắng Lợi, Bình Dương', '0912345684', 'v7@example.com', 'doan.hoang.vu'),
(9008, 'Đặng Thị Ngọc', '56 Đường Thắng Lợi, Đồng Nai', '0912345685', 'ngoc8@example.com', 'dang.thi.ngoc'),
(9009, 'Vũ Thị Hạnh', '78 Đường Thắng Lợi, Khánh Hòa', '0912345686', 'hanh9@example.com', 'vu.thi.hanh'),
(9010, 'Bùi Văn Hiếu', '90 Đường Thắng Lợi, Bắc Ninh', '0912345687', 'hieu10@example.com', 'bui.van.hieu'),
(9011, 'Phạm Văn Tuấn', '100 Đường Thắng Lợi, Hà Nội', '0912345688', 'tuan11@example.com', 'pham.van.tuan'),
(9012, 'Trần Văn Dũng', '110 Đường Thắng Lợi, Hồ Chí Minh', '0912345689', 'dung12@example.com', 'tran.van.dung'),
(9013, 'Nguyễn Thị Lan', '120 Đường Thắng Lợi, Hà Nội', '0912345690', 'lan13@example.com', 'nguyen.thi.lan'),
(9014, 'Lê Thị Hiền', '130 Đường Thắng Lợi, Hà Nội', '0912345691', 'hien14@example.com', 'le.thi.hien'),
(9015, 'Trần Quốc Việt', '140 Đường Thắng Lợi, Hà Nội', '0912345692', 'viet15@example.com', 'tran.quoc.viet');

-- 07 WAREHOUSE
INSERT INTO Warehouse (WarehouseID, WarehouseName, Location, WarehouseManager) VALUES
(3001, 'Kho Trung Tâm 1', '12 Đường Kho, TP Hà Nội', 'kho01'),
(3002, 'Kho Trung Tâm 2', '45 Đường Kho, TP Hồ Chí Minh', 'kho02'),
(3003, 'Kho Trung Tâm 3', '78 Đường Kho, TP Đà Nẵng', 'kho03'),
(3004, 'Kho Trung Tâm 4', '90 Đường Kho, TP Hà Nội', 'admin'),
(3005, 'Kho Trung Tâm 5', '150 Đường Kho, TP Hồ Chí Minh', 'support01'),
(3006, 'Kho Trung Tâm 6', '200 Đường Kho, TP Đà Nẵng', 'support02');

-- 08 PRODUCT
INSERT INTO Product (ProductID, ProductName, ProductImage, ProductDescription, TypeID) VALUES
(7001, 'Laptop ASUS Model-202', 'prod_1.png', 'Laptop ASUS Model-202 dành cho doanh nghiệp và chơi game', 101),
(7002, 'PC Gaming Model-202', 'prod_2.png', 'PC Gaming Model-202 dành cho doanh nghiệp và chơi game', 205),
(7003, 'SSD NVMe 1TB Model-202', 'prod_3.png', 'SSD NVMe 1TB Model-202 dành cho doanh nghiệp và chơi game', 529),
(7004, 'Router TP-Link Model-202', 'prod_4.png', 'Router TP-Link Model-202 dành cho doanh nghiệp và chơi game', 478),
(7005, 'Màn hình 24inch Model-202', 'prod_5.png', 'Màn hình 24inch Model-202 dành cho doanh nghiệp và chơi game', 742),
(7006, 'Card RTX 3060 Model-202', 'prod_6.png', 'Card RTX 3060 Model-202 dành cho doanh nghiệp và chơi game', 634),
(7007, 'Máy in Laser Model-202', 'prod_7.png', 'Máy in Laser Model-202 dành cho doanh nghiệp và chơi game', 312),
(7008, 'UPS 1500VA Model-202', 'prod_8.png', 'UPS 1500VA Model-202 dành cho doanh nghiệp và chơi game', 856),
(7009, 'Bàn phím cơ Model-202', 'prod_9.png', 'Bàn phím cơ Model-202 dành cho doanh nghiệp và chơi game', 923),
(7010, 'Laptop Dell Model-203', 'prod_10.png', 'Laptop Dell Model-203 dành cho doanh nghiệp và chơi game', 101),
(7011, 'PC Gaming Model-203', 'prod_11.png', 'PC Gaming Model-203 dành cho doanh nghiệp và chơi game', 205),
(7012, 'SSD NVMe 1TB Model-203', 'prod_12.png', 'SSD NVMe 1TB Model-203 dành cho doanh nghiệp và chơi game', 529),
(7013, 'Router TP-Link Model-203', 'prod_13.png', 'Router TP-Link Model-203 dành cho doanh nghiệp và chơi game', 478),
(7014, 'Màn hình 24inch Model-203', 'prod_14.png', 'Màn hình 24inch Model-203 dành cho doanh nghiệp và chơi game', 742),
(7015, 'Card RTX 3060 Model-203', 'prod_15.png', 'Card RTX 3060 Model-203 dành cho doanh nghiệp và chơi game', 634),
(7016, 'Máy in Laser Model-203', 'prod_16.png', 'Máy in Laser Model-203 dành cho doanh nghiệp và chơi game', 312),
(7017, 'UPS 1500VA Model-203', 'prod_17.png', 'UPS 1500VA Model-203 dành cho doanh nghiệp và chơi game', 856),
(7018, 'Bàn phím cơ Model-203', 'prod_18.png', 'Bàn phím cơ Model-203 dành cho doanh nghiệp và chơi game', 923),
(7019, 'Laptop ASUS Model-204', 'prod_19.png', 'Laptop ASUS Model-204 dành cho doanh nghiệp và chơi game', 101),
(7020, 'PC Gaming Model-204', 'prod_20.png', 'PC Gaming Model-204 dành cho doanh nghiệp và chơi game', 205),
(7021, 'SSD NVMe 1TB Model-204', 'prod_21.png', 'SSD NVMe 1TB Model-204 dành cho doanh nghiệp và chơi game', 529),
(7022, 'Router TP-Link Model-204', 'prod_22.png', 'Router TP-Link Model-204 dành cho doanh nghiệp và chơi game', 478),
(7023, 'Màn hình 24inch Model-204', 'prod_23.png', 'Màn hình 24inch Model-204 dành cho doanh nghiệp và chơi game', 742),
(7024, 'Card RTX 3060 Model-204', 'prod_24.png', 'Card RTX 3060 Model-204 dành cho doanh nghiệp và chơi game', 634),
(7025, 'Máy in Laser Model-204', 'prod_25.png', 'Máy in Laser Model-204 dành cho doanh nghiệp và chơi game', 312),
(7026, 'UPS 1500VA Model-204', 'prod_26.png', 'UPS 1500VA Model-204 dành cho doanh nghiệp và chơi game', 856),
(7027, 'Bàn phím cơ Model-204', 'prod_27.png', 'Bàn phím cơ Model-204 dành cho doanh nghiệp và chơi game', 923),
(7028, 'Laptop Dell Model-204', 'prod_28.png', 'Laptop Dell Model-204 dành cho doanh nghiệp và chơi game', 101),
(7029, 'PC Gaming Model-205', 'prod_29.png', 'PC Gaming Model-205 dành cho doanh nghiệp và chơi game', 205),
(7030, 'SSD NVMe 1TB Model-205', 'prod_30.png', 'SSD NVMe 1TB Model-205 dành cho doanh nghiệp và chơi game', 529),
(7031, 'Router TP-Link Model-205', 'prod_31.png', 'Router TP-Link Model-205 dành cho doanh nghiệp và chơi game', 478),
(7032, 'Màn hình 24inch Model-205', 'prod_32.png', 'Màn hình 24inch Model-205 dành cho doanh nghiệp và chơi game', 742),
(7033, 'Card RTX 3060 Model-205', 'prod_33.png', 'Card RTX 3060 Model-205 dành cho doanh nghiệp và chơi game', 634),
(7034, 'Máy in Laser Model-205', 'prod_34.png', 'Máy in Laser Model-205 dành cho doanh nghiệp và chơi game', 312),
(7035, 'UPS 1500VA Model-205', 'prod_35.png', 'UPS 1500VA Model-205 dành cho doanh nghiệp và chơi game', 856),
(7036, 'Bàn phím cơ Model-205', 'prod_36.png', 'Bàn phím cơ Model-205 dành cho doanh nghiệp và chơi game', 923),
(7037, 'Laptop ASUS Model-206', 'prod_37.png', 'Laptop ASUS Model-206 dành cho doanh nghiệp và chơi game', 101),
(7038, 'PC Gaming Model-206', 'prod_38.png', 'PC Gaming Model-206 dành cho doanh nghiệp và chơi game', 205),
(7039, 'SSD NVMe 1TB Model-206', 'prod_39.png', 'SSD NVMe 1TB Model-206 dành cho doanh nghiệp và chơi game', 529),
(7040, 'Router TP-Link Model-206', 'prod_40.png', 'Router TP-Link Model-206 dành cho doanh nghiệp và chơi game', 478);

-- SpecificationType
INSERT INTO SpecificationType (SpecificationTypeID, SpecificationTypeName, TypeID) VALUES
(4001, 'Thông số Laptop', 101),
(4002, 'Thông số Desktop PC', 205),
(4003, 'Thông số Máy in', 312),
(4004, 'Thông số Router Wifi', 478),
(4005, 'Thông số Ổ cứng SSD', 529),
(4006, 'Thông số Card đồ họa', 634),
(4007, 'Thông số Màn hình máy tính', 742),
(4008, 'Thông số Thiết bị văn phòng', 856),
(4009, 'Thông số Phụ kiện máy tính', 923),
(4010, 'Thông số Thiết bị mạng', 1007);

-- Specification
INSERT INTO Specification (SpecificationID, SpecificationName, SpecificationValue, SpecificationTypeID) VALUES
(6001, 'CPU 0', 'i5', 4001),
(6002, 'RAM 1', '8GB', 4001),
(6003, 'Dung lượng 2', '512GB', 4001),
(6004, 'Tốc độ 3', '3.2GHz', 4001),
(6005, 'Kết nối 4', 'USB3.0', 4001),
(6006, 'Loại 5', 'NVMe', 4001),
(6007, 'CPU 6', 'i7', 4002),
(6008, 'RAM 7', '16GB', 4002),
(6009, 'Dung lượng 8', '1TB', 4002),
(6010, 'Tốc độ 9', '4.0GHz', 4002),
(6011, 'Kết nối 10', 'Gigabit', 4002),
(6012, 'Loại 11', 'SATA', 4002),
(6013, 'CPU 12', 'i9', 4003),
(6014, 'RAM 13', '32GB', 4003),
(6015, 'Dung lượng 14', '256GB', 4003),
(6016, 'Tốc độ 15', '2.8GHz', 4003),
(6017, 'Kết nối 16', 'AC1200', 4003),
(6018, 'Loại 17', 'Laser', 4003),
(6019, 'CPU 18', 'i5', 4004),
(6020, 'RAM 19', '8GB', 4004),
(6021, 'Dung lượng 20', '512GB', 4004),
(6022, 'Tốc độ 21', '1.0GHz', 4004),
(6023, 'Kết nối 22', 'WiFi', 4004),
(6024, 'Loại 23', 'AC1200', 4004),
(6025, 'CPU 24', 'i7', 4005),
(6026, 'RAM 25', '16GB', 4005),
(6027, 'Dung lượng 26', '512GB', 4005),
(6028, 'Tốc độ 27', '---', 4005),
(6029, 'Kết nối 28', 'USB3.0', 4005),
(6030, 'Loại 29', 'NVMe', 4005),
(6031, 'CPU 30', 'i7', 4006),
(6032, 'RAM 31', '16GB', 4006),
(6033, 'Dung lượng 32', '512GB', 4006),
(6034, 'Tốc độ 33', '---', 4006),
(6035, 'Kết nối 34', 'DisplayPort', 4006),
(6036, 'Loại 35', 'PCIe', 4006),
(6037, 'CPU 36', 'i5', 4007),
(6038, 'RAM 37', '8GB', 4007),
(6039, 'Dung lượng 38', '---', 4007),
(6040, 'Tốc độ 39', '60Hz', 4007),
(6041, 'Kết nối 40', 'HDMI', 4007),
(6042, 'Loại 41', 'IPS', 4007),
(6043, 'CPU 42', 'i5', 4008),
(6044, 'RAM 43', '8GB', 4008),
(6045, 'Dung lượng 44', '---', 4008),
(6046, 'Tốc độ 45', '---', 4008),
(6047, 'Kết nối 46', 'USB2.0', 4008),
(6048, 'Loại 47', 'Accessory', 4008),
(6049, 'CPU 48', 'i5', 4009),
(6050, 'RAM 49', '8GB', 4009),
(6051, 'Dung lượng 50', '---', 4009),
(6052, 'Tốc độ 51', '---', 4009),
(6053, 'Kết nối 52', '---', 4009),
(6054, 'Loại 53', 'Peripheral', 4009),
(6055, 'CPU 54', 'i5', 4010),
(6056, 'RAM 55', '8GB', 4010),
(6057, 'Dung lượng 56', '---', 4010),
(6058, 'Tốc độ 57', '---', 4010),
(6059, 'Kết nối 58', 'Gigabit', 4010),
(6060, 'Loại 59', 'Network', 4010);

-- ProductSpecification
INSERT INTO ProductSpecification (ProductSpecificationID, ProductID, SpecificationID) VALUES
(8001, 7001, 6001),
(8002, 7001, 6002),
(8003, 7001, 6003),
(8004, 7001, 6004),
(8005, 7002, 6007),
(8006, 7002, 6008),
(8007, 7002, 6009),
(8008, 7002, 6010),
(8009, 7003, 6025),
(8010, 7003, 6026),
(8011, 7003, 6027),
(8012, 7003, 6028),
(8013, 7004, 6019),
(8014, 7004, 6020),
(8015, 7004, 6021),
(8016, 7004, 6022),
(8017, 7005, 6037),
(8018, 7005, 6038),
(8019, 7005, 6040),
(8020, 7005, 6041),
(8021, 7006, 6031),
(8022, 7006, 6032),
(8023, 7006, 6033),
(8024, 7006, 6035),
(8025, 7007, 6013),
(8026, 7007, 6014),
(8027, 7007, 6015),
(8028, 7007, 6016),
(8029, 7008, 6043),
(8030, 7008, 6044),
(8031, 7008, 6047),
(8032, 7008, 6048),
(8033, 7009, 6049),
(8034, 7009, 6050),
(8035, 7009, 6051),
(8036, 7009, 6052),
(8037, 7010, 6001),
(8038, 7010, 6002),
(8039, 7010, 6003),
(8040, 7010, 6004),
(8041, 7011, 6007),
(8042, 7011, 6008),
(8043, 7011, 6009),
(8044, 7011, 6010),
(8045, 7012, 6025),
(8046, 7012, 6026),
(8047, 7012, 6027),
(8048, 7012, 6028),
(8049, 7013, 6019),
(8050, 7013, 6020),
(8051, 7013, 6021),
(8052, 7013, 6022),
(8053, 7014, 6037),
(8054, 7014, 6038),
(8055, 7014, 6040),
(8056, 7014, 6041),
(8057, 7015, 6031),
(8058, 7015, 6032),
(8059, 7015, 6033),
(8060, 7015, 6035),
(8061, 7016, 6013),
(8062, 7016, 6014),
(8063, 7016, 6015),
(8064, 7016, 6016),
(8065, 7017, 6043),
(8066, 7017, 6044),
(8067, 7017, 6047),
(8068, 7017, 6048),
(8069, 7018, 6049),
(8070, 7018, 6050),
(8071, 7018, 6051),
(8072, 7018, 6052),
(8073, 7019, 6001),
(8074, 7019, 6002),
(8075, 7019, 6003),
(8076, 7019, 6004),
(8077, 7020, 6007),
(8078, 7020, 6008),
(8079, 7020, 6009),
(8080, 7020, 6010),
(8081, 7021, 6025),
(8082, 7021, 6026),
(8083, 7021, 6027),
(8084, 7021, 6028),
(8085, 7022, 6019),
(8086, 7022, 6020),
(8087, 7022, 6021),
(8088, 7022, 6022),
(8089, 7023, 6037),
(8090, 7023, 6038),
(8091, 7023, 6040),
(8092, 7023, 6041),
(8093, 7024, 6031),
(8094, 7024, 6032),
(8095, 7024, 6033),
(8096, 7024, 6035),
(8097, 7025, 6013),
(8098, 7025, 6014),
(8099, 7025, 6015),
(8100, 7025, 6016);

-- 09 INVENTORY & WAREHOUSE STOCK
INSERT INTO InventoryItem (ItemID, SerialNumber, ProductID) VALUES
(10001, 'SN1234567810001', 7001),
(10002, 'SN2345678920002', 7001),
(10003, 'SN3456789030003', 7001),
(10004, 'SN4567890140004', 7002),
(10005, 'SN5678901250005', 7002),
(10006, 'SN6789012360006', 7002),
(10007, 'SN7890123470007', 7003),
(10008, 'SN8901234580008', 7003),
(10009, 'SN9012345690009', 7003),
(10010, 'SN0123456700010', 7004),
(10011, 'SN1123456700011', 7004),
(10012, 'SN2123456700012', 7004),
(10013, 'SN3123456700013', 7005),
(10014, 'SN4123456700014', 7005),
(10015, 'SN5123456700015', 7006),
(10016, 'SN6123456700016', 7006),
(10017, 'SN7123456700017', 7006),
(10018, 'SN8123456700018', 7007),
(10019, 'SN9123456700019', 7007),
(10020, 'SN0132456700020', 7007),
(10021, 'SN1132456700021', 7008),
(10022, 'SN2132456700022', 7008),
(10023, 'SN3132456700023', 7008),
(10024, 'SN4132456700024', 7009),
(10025, 'SN5132456700025', 7009),
(10026, 'SN6132456700026', 7009),
(10027, 'SN7132456700027', 7010),
(10028, 'SN8132456700028', 7010),
(10029, 'SN9132456700029', 7010),
(10030, 'SN0133456700030', 7011),
(10031, 'SN1133456700031', 7011),
(10032, 'SN2133456700032', 7011),
(10033, 'SN3133456700033', 7012),
(10034, 'SN4133456700034', 7012),
(10035, 'SN5133456700035', 7012),
(10036, 'SN6133456700036', 7013),
(10037, 'SN7133456700037', 7013),
(10038, 'SN8133456700038', 7013),
(10039, 'SN9133456700039', 7014),
(10040, 'SN0143456700040', 7014),
(10041, 'SN1143456700041', 7014),
(10042, 'SN2143456700042', 7015),
(10043, 'SN3143456700043', 7015),
(10044, 'SN4143456700044', 7015),
(10045, 'SN5143456700045', 7016),
(10046, 'SN6143456700046', 7016),
(10047, 'SN7143456700047', 7016),
(10048, 'SN8143456700048', 7017),
(10049, 'SN9143456700049', 7017),
(10050, 'SN0153456700050', 7017),
(10051, 'SN1153456700051', 7018),
(10052, 'SN2153456700052', 7018),
(10053, 'SN3153456700053', 7018),
(10054, 'SN4153456700054', 7019),
(10055, 'SN5153456700055', 7019),
(10056, 'SN6153456700056', 7019),
(10057, 'SN7153456700057', 7020),
(10058, 'SN8153456700058', 7020),
(10059, 'SN9153456700059', 7020),
(10060, 'SN0163456700060', 7021),
(10061, 'SN1163456700061', 7021),
(10062, 'SN2163456700062', 7021),
(10063, 'SN3163456700063', 7022),
(10064, 'SN4163456700064', 7022),
(10065, 'SN5163456700065', 7022),
(10066, 'SN6163456700066', 7023),
(10067, 'SN7163456700067', 7023),
(10068, 'SN8163456700068', 7023),
(10069, 'SN9163456700069', 7024),
(10070, 'SN0173456700070', 7024),
(10071, 'SN1173456700071', 7024),
(10072, 'SN2173456700072', 7025),
(10073, 'SN3173456700073', 7025),
(10074, 'SN4173456700074', 7025),
(10075, 'SN5173456700075', 7026),
(10076, 'SN6173456700076', 7026),
(10077, 'SN7173456700077', 7026),
(10078, 'SN8173456700078', 7027),
(10079, 'SN9173456700079', 7027),
(10080, 'SN0183456700080', 7027),
(10081, 'SN1183456700081', 7028),
(10082, 'SN2183456700082', 7028),
(10083, 'SN3183456700083', 7028),
(10084, 'SN4183456700084', 7029),
(10085, 'SN5183456700085', 7029),
(10086, 'SN6183456700086', 7029),
(10087, 'SN7183456700087', 7030),
(10088, 'SN8183456700088', 7030),
(10089, 'SN9183456700089', 7030),
(10090, 'SN0193456700090', 7031),
(10091, 'SN1193456700091', 7031),
(10092, 'SN2193456700092', 7031),
(10093, 'SN3193456700093', 7032),
(10094, 'SN4193456700094', 7032),
(10095, 'SN5193456700095', 7032),
(10096, 'SN6193456700096', 7033),
(10097, 'SN7193456700097', 7033),
(10098, 'SN8193456700098', 7033),
(10099, 'SN9193456700099', 7034),
(10100, 'SN0203456700100', 7034),
(10101, 'SN1203456700101', 7034),
(10102, 'SN2203456700102', 7035),
(10103, 'SN3203456700103', 7035),
(10104, 'SN4203456700104', 7035),
(10105, 'SN5203456700105', 7036),
(10106, 'SN6203456700106', 7036),
(10107, 'SN7203456700107', 7036),
(10108, 'SN8203456700108', 7037),
(10109, 'SN9203456700109', 7037),
(10110, 'SN0213456700110', 7037),
(10111, 'SN1213456700111', 7038),
(10112, 'SN2213456700112', 7038),
(10113, 'SN3213456700113', 7038),
(10114, 'SN4213456700114', 7039),
(10115, 'SN5213456700115', 7039),
(10116, 'SN6213456700116', 7039),
(10117, 'SN7213456700117', 7040),
(10118, 'SN8213456700118', 7040),
(10119, 'SN9213456700119', 7040);

INSERT INTO ProductWarehouse (ProductWarehouseID, ProductStatus, WarehouseID, ItemID) VALUES
(11001, 'In_Stock', 3001, 10001),
(11002, 'Exported', 3001, 10002),
(11003, 'In_Stock', 3002, 10003),
(11004, 'In_Stock', 3002, 10004),
(11005, 'Exported', 3003, 10005),
(11006, 'In_Stock', 3003, 10006),
(11007, 'In_Stock', 3004, 10007),
(11008, 'Exported', 3004, 10008),
(11009, 'In_Stock', 3005, 10009),
(11010, 'In_Stock', 3005, 10010),
(11011, 'Exported', 3006, 10011),
(11012, 'In_Stock', 3006, 10012),
(11013, 'In_Stock', 3001, 10013),
(11014, 'In_Stock', 3002, 10014),
(11015, 'Exported', 3003, 10015),
(11016, 'In_Stock', 3001, 10016),
(11017, 'Exported', 3002, 10017),
(11018, 'In_Stock', 3003, 10018),
(11019, 'In_Stock', 3004, 10019),
(11020, 'Exported', 3004, 10020),
(11021, 'In_Stock', 3005, 10021),
(11022, 'In_Stock', 3005, 10022),
(11023, 'Exported', 3006, 10023),
(11024, 'In_Stock', 3006, 10024),
(11025, 'In_Stock', 3001, 10025),
(11026, 'Exported', 3002, 10026),
(11027, 'In_Stock', 3003, 10027),
(11028, 'In_Stock', 3004, 10028),
(11029, 'Exported', 3005, 10029),
(11030, 'In_Stock', 3006, 10030),
(11031, 'In_Stock', 3001, 10031),
(11032, 'Exported', 3002, 10032),
(11033, 'In_Stock', 3003, 10033),
(11034, 'In_Stock', 3004, 10034),
(11035, 'Exported', 3005, 10035),
(11036, 'In_Stock', 3006, 10036),
(11037, 'In_Stock', 3001, 10037),
(11038, 'Exported', 3002, 10038),
(11039, 'In_Stock', 3003, 10039),
(11040, 'In_Stock', 3004, 10040),
(11041, 'Exported', 3005, 10041),
(11042, 'In_Stock', 3006, 10042),
(11043, 'In_Stock', 3001, 10043),
(11044, 'Exported', 3002, 10044),
(11045, 'In_Stock', 3003, 10045),
(11046, 'In_Stock', 3004, 10046),
(11047, 'Exported', 3005, 10047),
(11048, 'In_Stock', 3006, 10048),
(11049, 'In_Stock', 3001, 10049),
(11050, 'Exported', 3002, 10050),
(11051, 'In_Stock', 3003, 10051),
(11052, 'In_Stock', 3004, 10052),
(11053, 'Exported', 3005, 10053),
(11054, 'In_Stock', 3006, 10054),
(11055, 'In_Stock', 3001, 10055),
(11056, 'Exported', 3002, 10056),
(11057, 'In_Stock', 3003, 10057),
(11058, 'In_Stock', 3004, 10058),
(11059, 'Exported', 3005, 10059),
(11060, 'In_Stock', 3006, 10060),
(11061, 'In_Stock', 3001, 10061),
(11062, 'Exported', 3002, 10062),
(11063, 'In_Stock', 3003, 10063),
(11064, 'In_Stock', 3004, 10064),
(11065, 'Exported', 3005, 10065),
(11066, 'In_Stock', 3006, 10066),
(11067, 'In_Stock', 3001, 10067),
(11068, 'Exported', 3002, 10068),
(11069, 'In_Stock', 3003, 10069),
(11070, 'In_Stock', 3004, 10070),
(11071, 'Exported', 3005, 10071),
(11072, 'In_Stock', 3006, 10072),
(11073, 'In_Stock', 3001, 10073),
(11074, 'Exported', 3002, 10074),
(11075, 'In_Stock', 3003, 10075),
(11076, 'In_Stock', 3004, 10076),
(11077, 'Exported', 3005, 10077),
(11078, 'In_Stock', 3006, 10078),
(11079, 'In_Stock', 3001, 10079),
(11080, 'Exported', 3002, 10080),
(11081, 'In_Stock', 3003, 10081),
(11082, 'In_Stock', 3004, 10082),
(11083, 'Exported', 3005, 10083),
(11084, 'In_Stock', 3006, 10084),
(11085, 'In_Stock', 3001, 10085),
(11086, 'Exported', 3002, 10086),
(11087, 'In_Stock', 3003, 10087),
(11088, 'In_Stock', 3004, 10088),
(11089, 'Exported', 3005, 10089),
(11090, 'In_Stock', 3006, 10090),
(11091, 'In_Stock', 3001, 10091),
(11092, 'Exported', 3002, 10092),
(11093, 'In_Stock', 3003, 10093),
(11094, 'In_Stock', 3004, 10094),
(11095, 'Exported', 3005, 10095),
(11096, 'In_Stock', 3006, 10096),
(11097, 'In_Stock', 3001, 10097),
(11098, 'Exported', 3002, 10098),
(11099, 'In_Stock', 3003, 10099),
(11100, 'In_Stock', 3004, 10100),
(11101, 'Exported', 3005, 10101),
(11102, 'In_Stock', 3006, 10102),
(11103, 'In_Stock', 3001, 10103),
(11104, 'Exported', 3002, 10104),
(11105, 'In_Stock', 3003, 10105),
(11106, 'In_Stock', 3004, 10106),
(11107, 'Exported', 3005, 10107),
(11108, 'In_Stock', 3006, 10108),
(11109, 'In_Stock', 3001, 10109),
(11110, 'Exported', 3002, 10110),
(11111, 'In_Stock', 3003, 10111),
(11112, 'In_Stock', 3004, 10112),
(11113, 'Exported', 3005, 10113),
(11114, 'In_Stock', 3006, 10114),
(11115, 'In_Stock', 3001, 10115),
(11116, 'Exported', 3002, 10116),
(11117, 'In_Stock', 3003, 10117),
(11118, 'In_Stock', 3004, 10118),
(11119, 'Exported', 3005, 10119);

-- 10 CONTRACT
INSERT INTO Contract (ContractID, ContractCode, ContractImage, StartDate, ExpiredDate, CustomerID) VALUES
(13001, 'CT-5412-0', 'contract_0.png', '2023-02-14', '2024-02-14', 9006),
(13002, 'CT-7415-1', 'contract_1.png', '2023-09-09', '2024-09-09', 9003),
(13003, 'CT-4846-2', 'contract_2.png', '2023-07-18', '2024-07-18', 9015),
(13004, 'CT-5222-3', 'contract_3.png', '2023-05-04', '2024-05-04', 9001),
(13005, 'CT-6399-4', 'contract_4.png', '2023-08-23', '2024-08-23', 9008),
(13006, 'CT-1480-5', 'contract_5.png', '2023-04-12', '2024-04-12', 9002),
(13007, 'CT-1950-6', 'contract_6.png', '2023-11-25', '2024-11-25', 9009),
(13008, 'CT-9053-7', 'contract_7.png', '2023-03-30', '2024-03-30', 9010),
(13009, 'CT-4812-8', 'contract_8.png', '2023-12-20', '2024-12-20', 9004),
(13010, 'CT-3490-9', 'contract_9.png', '2023-06-15', '2024-06-15', 9005),
(13011, 'CT-3307-10', 'contract_10.png', '2023-10-02', '2024-10-02', 9007),
(13012, 'CT-6628-11', 'contract_11.png', '2023-01-07', '2024-01-07', 9011),
(13013, 'CT-7758-12', 'contract_12.png', '2023-06-20', '2024-06-20', 9002),
(13014, 'CT-9933-13', 'contract_13.png', '2023-08-28', '2024-08-28', 9008),
(13015, 'CT-1586-14', 'contract_14.png', '2023-12-02', '2024-12-02', 9012),
(13016, 'CT-4244-15', 'contract_15.png', '2023-02-23', '2024-02-23', 9003),
(13017, 'CT-3466-16', 'contract_16.png', '2023-08-09', '2024-08-09', 9007),
(13018, 'CT-5672-17', 'contract_17.png', '2023-05-10', '2024-05-10', 9013),
(13019, 'CT-2211-18', 'contract_18.png', '2023-11-29', '2024-11-29', 9006),
(13020, 'CT-8869-19', 'contract_19.png', '2023-01-30', '2024-01-30', 9014),
(13021, 'CT-1103-20', 'contract_20.png', '2023-03-17', '2024-03-17', 9005),
(13022, 'CT-4321-21', 'contract_21.png', '2023-09-05', '2024-09-05', 9009),
(13023, 'CT-9988-22', 'contract_22.png', '2023-04-08', '2024-04-08', 9010),
(13024, 'CT-7751-23', 'contract_23.png', '2023-07-12', '2024-07-12', 9004),
(13025, 'CT-6623-24', 'contract_24.png', '2023-10-19', '2024-10-19', 9001);

-- 11 REQUESTS
INSERT INTO Request (RequestID, RequestDescription, RequestStatus, StartDate, FinishedDate, Note, ContractID) VALUES
(15001, 'Yêu cầu bảo hành/kiểm tra thiết bị #1', 'Pending', '2024-02-05 01:05:00', NULL, 'Ghi chú yêu cầu 1', 13012),
(15002, 'Yêu cầu bảo hành/kiểm tra thiết bị #2', 'Approved', '2024-02-13 04:26:00', '2024-05-16 04:26:00', 'Ghi chú yêu cầu 2', 13004),
(15003, 'Yêu cầu bảo hành/kiểm tra thiết bị #3', 'Processing', '2024-06-14 18:12:00', NULL, 'Ghi chú yêu cầu 3', 13010),
(15004, 'Yêu cầu bảo hành/kiểm tra thiết bị #4', 'Rejected', '2024-03-17 08:20:00', NULL, 'Ghi chú yêu cầu 4', 13007),
(15005, 'Yêu cầu bảo hành/kiểm tra thiết bị #5', 'Finished', '2024-05-02 09:17:00', '2024-06-03 09:17:00', 'Ghi chú yêu cầu 5', 13001),
(15006, 'Yêu cầu bảo hành/kiểm tra thiết bị #6', 'Processing', '2024-05-06 05:23:00', NULL, 'Ghi chú yêu cầu 6', 13020),
(15007, 'Yêu cầu bảo hành/kiểm tra thiết bị #7', 'Approved', '2024-03-28 21:02:00', '2024-04-25 21:02:00', 'Ghi chú yêu cầu 7', 13017),
(15008, 'Yêu cầu bảo hành/kiểm tra thiết bị #8', 'Finished', '2024-04-13 12:00:00', '2024-05-20 12:00:00', 'Ghi chú yêu cầu 8', 13006),
(15009, 'Yêu cầu bảo hành/kiểm tra thiết bị #9', 'Pending', '2024-01-31 03:36:00', NULL, 'Ghi chú yêu cầu 9', 13002),
(15010, 'Yêu cầu bảo hành/kiểm tra thiết bị #10', 'Processing', '2024-04-01 07:58:00', NULL, 'Ghi chú yêu cầu 10', 13003),
(15011, 'Yêu cầu bảo hành/kiểm tra thiết bị #11', 'Approved', '2024-07-22 22:53:00', '2024-09-14 22:53:00', 'Ghi chú yêu cầu 11', 13011),
(15012, 'Yêu cầu bảo hành/kiểm tra thiết bị #12', 'Pending', '2024-08-05 05:12:00', NULL, 'Ghi chú yêu cầu 12', 13021),
(15013, 'Yêu cầu bảo hành/kiểm tra thiết bị #13', 'Rejected', '2024-06-17 14:03:00', NULL, 'Ghi chú yêu cầu 13', 13008),
(15014, 'Yêu cầu bảo hành/kiểm tra thiết bị #14', 'Processing', '2024-01-28 17:21:00', NULL, 'Ghi chú yêu cầu 14', 13009),
(15015, 'Yêu cầu bảo hành/kiểm tra thiết bị #15', 'Approved', '2024-02-23 11:45:00', '2024-03-25 11:45:00', 'Ghi chú yêu cầu 15', 13014),
(15016, 'Yêu cầu bảo hành/kiểm tra thiết bị #16', 'Finished', '2024-03-05 16:00:00', '2024-04-10 16:00:00', 'Ghi chú yêu cầu 16', 13005),
(15017, 'Yêu cầu bảo hành/kiểm tra thiết bị #17', 'Processing', '2024-05-18 10:50:00', NULL, 'Ghi chú yêu cầu 17', 13013),
(15018, 'Yêu cầu bảo hành/kiểm tra thiết bị #18', 'Pending', '2024-02-02 02:02:00', NULL, 'Ghi chú yêu cầu 18', 13024),
(15019, 'Yêu cầu bảo hành/kiểm tra thiết bị #19', 'Processing', '2024-02-27 14:30:00', NULL, 'Ghi chú yêu cầu 19', 13019),
(15020, 'Yêu cầu bảo hành/kiểm tra thiết bị #20', 'Approved', '2024-03-08 09:10:00', '2024-04-12 09:10:00', 'Ghi chú yêu cầu 20', 13015),
(15021, 'Yêu cầu bảo hành/kiểm tra thiết bị #21', 'Pending', '2024-04-20 08:00:00', NULL, 'Ghi chú yêu cầu 21', 13016),
(15022, 'Yêu cầu bảo hành/kiểm tra thiết bị #22', 'Finished', '2024-05-29 13:40:00', '2024-07-01 13:40:00', 'Ghi chú yêu cầu 22', 13018),
(15023, 'Yêu cầu bảo hành/kiểm tra thiết bị #23', 'Processing', '2024-01-11 06:30:00', NULL, 'Ghi chú yêu cầu 23', 13023),
(15024, 'Yêu cầu bảo hành/kiểm tra thiết bị #24', 'Rejected', '2024-06-08 19:40:00', NULL, 'Ghi chú yêu cầu 24', 13001),
(15025, 'Yêu cầu bảo hành/kiểm tra thiết bị #25', 'Approved', '2024-07-01 20:20:00', '2024-08-15 20:20:00', 'Ghi chú yêu cầu 25', 13002),
(15026, 'Yêu cầu bảo hành/kiểm tra thiết bị #26', 'Processing', '2024-03-13 15:05:00', NULL, 'Ghi chú yêu cầu 26', 13006),
(15027, 'Yêu cầu bảo hành/kiểm tra thiết bị #27', 'Pending', '2024-02-06 12:12:00', NULL, 'Ghi chú yêu cầu 27', 13007),
(15028, 'Yêu cầu bảo hành/kiểm tra thiết bị #28', 'Finished', '2024-04-18 18:18:00', '2024-06-07 18:18:00', 'Ghi chú yêu cầu 28', 13008),
(15029, 'Yêu cầu bảo hành/kiểm tra thiết bị #29', 'Approved', '2024-06-30 09:00:00', '2024-07-22 09:00:00', 'Ghi chú yêu cầu 29', 13009),
(15030, 'Yêu cầu bảo hành/kiểm tra thiết bị #30', 'Finished', '2024-03-07 14:30:00', '2024-05-01 14:30:00', 'Ghi chú yêu cầu 30', 13011),
(15031, 'Yêu cầu bảo hành/kiểm tra thiết bị #31', 'Processing', '2024-05-25 11:11:00', NULL, 'Ghi chú yêu cầu 31', 13010),
(15032, 'Yêu cầu bảo hành/kiểm tra thiết bị #32', 'Rejected', '2024-01-12 23:23:00', NULL, 'Ghi chú yêu cầu 32', 13012),
(15033, 'Yêu cầu bảo hành/kiểm tra thiết bị #33', 'Pending', '2024-06-20 04:04:00', NULL, 'Ghi chú yêu cầu 33', 13013),
(15034, 'Yêu cầu bảo hành/kiểm tra thiết bị #34', 'Approved', '2024-04-30 05:05:00', '2024-05-25 05:05:00', 'Ghi chú yêu cầu 34', 13014),
(15035, 'Yêu cầu bảo hành/kiểm tra thiết bị #35', 'Processing', '2024-02-09 12:12:00', NULL, 'Ghi chú yêu cầu 35', 13015),
(15036, 'Yêu cầu bảo hành/kiểm tra thiết bị #36', 'Approved', '2024-03-25 09:09:00', '2024-04-20 09:09:00', 'Ghi chú yêu cầu 36', 13016),
(15037, 'Yêu cầu bảo hành/kiểm tra thiết bị #37', 'Pending', '2024-06-01 01:01:00', NULL, 'Ghi chú yêu cầu 37', 13017),
(15038, 'Yêu cầu bảo hành/kiểm tra thiết bị #38', 'Finished', '2024-07-03 03:03:00', '2024-08-10 03:03:00', 'Ghi chú yêu cầu 38', 13018),
(15039, 'Yêu cầu bảo hành/kiểm tra thiết bị #39', 'Processing', '2024-05-14 14:14:00', NULL, 'Ghi chú yêu cầu 39', 13019),
(15040, 'Yêu cầu bảo hành/kiểm tra thiết bị #40', 'Approved', '2024-06-12 06:06:00', '2024-07-10 06:06:00', 'Ghi chú yêu cầu 40', 13020),
(15041, 'Yêu cầu bảo hành/kiểm tra thiết bị #41', 'Pending', '2024-08-01 08:08:00', NULL, 'Ghi chú yêu cầu 41', 13021),
(15042, 'Yêu cầu bảo hành/kiểm tra thiết bị #42', 'Processing', '2024-01-15 15:15:00', NULL, 'Ghi chú yêu cầu 42', 13022),
(15043, 'Yêu cầu bảo hành/kiểm tra thiết bị #43', 'Rejected', '2024-03-03 03:03:00', NULL, 'Ghi chú yêu cầu 43', 13023),
(15044, 'Yêu cầu bảo hành/kiểm tra thiết bị #44', 'Approved', '2024-04-06 06:06:00', '2024-05-12 06:06:00', 'Ghi chú yêu cầu 44', 13024),
(15045, 'Yêu cầu bảo hành/kiểm tra thiết bị #45', 'Finished', '2024-02-20 20:20:00', '2024-03-25 20:20:00', 'Ghi chú yêu cầu 45', 13025),
(15046, 'Yêu cầu bảo hành/kiểm tra thiết bị #46', 'Processing', '2024-07-01 07:07:00', NULL, 'Ghi chú yêu cầu 46', 13001),
(15047, 'Yêu cầu bảo hành/kiểm tra thiết bị #47', 'Pending', '2024-06-12 12:12:00', NULL, 'Ghi chú yêu cầu 47', 13002),
(15048, 'Yêu cầu bảo hành/kiểm tra thiết bị #48', 'Processing', '2024-08-18 18:18:00', NULL, 'Ghi chú yêu cầu 48', 13003),
(15049, 'Yêu cầu bảo hành/kiểm tra thiết bị #49', 'Rejected', '2024-05-30 05:05:00', NULL, 'Ghi chú yêu cầu 49', 13004),
(15050, 'Yêu cầu bảo hành/kiểm tra thiết bị #50', 'Approved', '2024-02-11 11:11:00', '2024-03-20 11:11:00', 'Ghi chú yêu cầu 50', 13005),
(15051, 'Yêu cầu bảo hành/kiểm tra thiết bị #51', 'Processing', '2024-03-29 09:09:00', NULL, 'Ghi chú yêu cầu 51', 13006),
(15052, 'Yêu cầu bảo hành/kiểm tra thiết bị #52', 'Pending', '2024-04-09 10:10:00', NULL, 'Ghi chú yêu cầu 52', 13007),
(15053, 'Yêu cầu bảo hành/kiểm tra thiết bị #53', 'Approved', '2024-05-05 05:05:00', '2024-06-06 05:05:00', 'Ghi chú yêu cầu 53', 13008),
(15054, 'Yêu cầu bảo hành/kiểm tra thiết bị #54', 'Processing', '2024-06-22 12:12:00', NULL, 'Ghi chú yêu cầu 54', 13009),
(15055, 'Yêu cầu bảo hành/kiểm tra thiết bị #55', 'Pending', '2024-07-14 14:14:00', NULL, 'Ghi chú yêu cầu 55', 13010),
(15056, 'Yêu cầu bảo hành/kiểm tra thiết bị #56', 'Approved', '2024-01-19 19:19:00', '2024-02-20 19:19:00', 'Ghi chú yêu cầu 56', 13011),
(15057, 'Yêu cầu bảo hành/kiểm tra thiết bị #57', 'Processing', '2024-05-27 17:17:00', NULL, 'Ghi chú yêu cầu 57', 13012),
(15058, 'Yêu cầu bảo hành/kiểm tra thiết bị #58', 'Finished', '2024-03-01 01:01:00', '2024-04-05 01:01:00', 'Ghi chú yêu cầu 58', 13013),
(15059, 'Yêu cầu bảo hành/kiểm tra thiết bị #59', 'Processing', '2024-02-28 02:28:00', NULL, 'Ghi chú yêu cầu 59', 13014),
(15060, 'Yêu cầu bảo hành/kiểm tra thiết bị #60', 'Pending', '2024-04-27 07:07:00', NULL, 'Ghi chú yêu cầu 60', 13015);

-- AccountRequest
INSERT INTO AccountRequest (AccountRequestID, Username, RequestID) VALUES
(17001, 'support01', 15002),
(17002, 'kho01', 15003),
(17003, 'tech01', 15004),
(17004, 'support02', 15005),
(17005, 'kho02', 15006),
(17006, 'tech02', 15007),
(17007, 'support03', 15008),
(17008, 'kho03', 15009),
(17009, 'tech03', 15010),
(17010, 'admin', 15011),
(17011, 'kho01', 15012),
(17012, 'support01', 15013),
(17013, 'tech04', 15014),
(17014, 'kho02', 15015),
(17015, 'support02', 15016),
(17016, 'tech05', 15017),
(17017, 'kho03', 15018),
(17018, 'support03', 15019),
(17019, 'tech06', 15020),
(17020, 'admin', 15021),
(17021, 'support01', 15022),
(17022, 'kho01', 15023),
(17023, 'tech01', 15024),
(17024, 'support02', 15025),
(17025, 'kho02', 15026),
(17026, 'tech02', 15027),
(17027, 'support03', 15028),
(17028, 'kho03', 15029),
(17029, 'tech03', 15030),
(17030, 'admin', 15031),
(17031, 'support01', 15032),
(17032, 'kho01', 15033),
(17033, 'tech04', 15034),
(17034, 'support02', 15035),
(17035, 'kho02', 15036),
(17036, 'tech05', 15037),
(17037, 'support03', 15038),
(17038, 'kho03', 15039),
(17039, 'tech06', 15040),
(17040, 'admin', 15041);